Target Keyword,Associated Keywords,月搜索量,KD,Intent,Tier,Template,Entity,Friction,Logic,CTA,GSC Keywords,Status,URL,Last Audit,page_id,cluster_id,page_role,content_angle,psych_safety_flag,journal_prompts,target_keyword_zh,author
white label keyword research,"whitelabel keyword research, white label seo research, white label seo keyword tool, seo white labeled ranking tool",900,2,Informational,T2,Guide,White Label Keyword Research Tool,SEO agency owners conflate white-label keyword research with rebranded tool access because no page explains what client-facing branded delivery actually includes.,"SERP returns tool comparison lists (SearchAtlas, SE Ranking, Swydo) and agency service pages describing white-label as a feature — none show the client-facing delivery workflow step by step. Agencies evaluating tools encounter feature descriptions like '4.2 billion keyword database' and 'branded reports' without understanding how that data reaches the client in a presentable, agency-branded format. The gap between tool capability and client-facing delivery workflow is the primary decision friction for agencies choosing their first white-label SEO platform. A page that maps the full delivery workflow — from tool access to client portal to branded export — converts the evaluation-stage buyer who has read comparison posts without finding this layer.",免费试用,,已发布,/blog/white-label-keyword-research,,PG-WLS-001,white_label_seo,Pillar,"White-label keyword research tools agencies can deploy under their own brand vs building internal research workflows — how white-labeling eliminates 80% of research infrastructure cost | Gap_Reason: SERP returns tool comparison lists and agency service pages; none explain the client-facing delivery workflow (portal, reseller API, branded export format). | Aligned: Yes",N,,白标关键词研究,Alex Chen
best white label seo tool,"free white label seo tool, white label seo platform, white label seo software, white label seo reseller tool",700,1,Commercial,T2,Comparison,White Label SEO Tool / White Label SEO Platform,Agency owners conflate white-label SEO tool quality with SEO feature depth because comparison posts rarely distinguish logo-only branding from full platform resale tiers.,"SERP contains multiple 2026 tested comparison posts (onelittleweb tested 30+, Swydo, LLM Pulse) that rank tools on SEO feature depth — keyword database size, audit completeness, rank tracking accuracy. One result introduces a Level 1/2/3 white-labeling framework (Level 1 = branded PDF, Level 2 = client portal, Level 3 = full platform resale) that is absent from all other comparison posts. Agencies selecting on feature rankings may choose SE Ranking for its SEO features when they actually need WebCEO's Level 3 resale capability — a mismatch discovered only after onboarding clients. A comparison organized around white-label capability tiers rather than SEO feature scores gives agency buyers the decision dimension absent from every current SERP result.",免费试用,,已发布,/blog/best-white-label-seo-tool,,PG-WLS-002,white_label_seo,Series,"Best white-label SEO tools ranked by client portal depth and white-label tier (Level 1/2/3) rather than SEO feature scores — the evaluation dimension most comparison posts omit | Gap_Reason: All 2026 comparison posts (onelittleweb 30+ tested, Swydo, LLM Pulse) rank by SEO feature depth; Level 1/2/3 white-label tier distinction appears in only one result. | Aligned: Yes",N,,最佳白标SEO工具,Alex Chen
whitelabel seo tool,"white label seo tool, seo white label tool, white label seo reseller, white label seo platform",600,11,Informational,T2,Definition + Guide,White-Label SEO Tool / Agency SEO Reseller,Agency owners conflate logo-swap white-labeling with full client portal isolation because the Level 1 to Level 3 distinction almost never appears on vendor tool pages.,"SERP returns the same tool comparison content as 'best white label seo tool' — Swydo, SE Ranking, MetricSpot, onelittleweb — describing white-labeling as a binary on/off feature on vendor pages. One result quotes that '68% of agencies now use white-label providers,' indicating high adoption but no corresponding depth of evaluation content for what differentiates provider tiers. Agencies that purchased a white-label SEO tool based on vendor marketing discover post-contract that 'white-label' meant logo-on-PDF rather than isolated client portal with custom domain. A page defining the white-label tier spectrum with specific evaluation criteria (custom domain, client login isolation, footer branding control) gives the 68% of agencies currently using white-label tools a framework to choose the right tier before signing.",免费试用,,已发布,/blog/whitelabel-seo-tool,,PG-WLS-003,white_label_seo,Series,What white-label SEO tool tiers actually mean — Level 1 logo-swap vs Level 2 client portal vs Level 3 full platform resale — and the checklist agencies need before committing | Gap_Reason: SERP tool pages describe white-labeling as binary on/off; the Level 1/2/3 tier spectrum appears in almost no vendor or comparison content. | Aligned: Yes,N,,白标SEO工具是什么,Alex Chen
free white label seo,"free white label seo tool, free white label seo report, free white label seo audit, white label seo free trial",150,12,Transactional,T3,Tool / Landing,Free White Label SEO Report Generator,Small agency owners overlook white-label tier restrictions because platforms marketing free white-label SEO still apply vendor footer branding that clients can see.,"SERP returns actual free white-label tools — seoaudit.software (free 14 days), MetricSpot (10 audits/month free), MySiteAuditor, SEOptimer — confirming free options exist. Key SERP finding: MetricSpot's free plan includes 'a small MetricSpot line in the footer' visible to clients, and most free tiers restrict to PDF exports rather than full portal access. Small agencies testing free white-label tools encounter this footer restriction only after generating and sending their first branded report to a client — the discovery timing is the worst possible moment. A landing page offering a genuinely unbranded, no-footer-credit free report differentiates precisely at the point where small agencies are testing free options and finding hidden restrictions.",免费生成报告,,已发布,/tools/free-white-label-seo-report,,PG-WLS-004,white_label_seo,Support,"Free white-label SEO report with zero vendor footer branding — unlike MetricSpot and SEOptimer free tiers which add a visible credit line clients can see | Gap_Reason: SERP has free tools (MetricSpot, SEOptimer, MySiteAuditor) but all add vendor footer credits on free tier; a truly unbranded free report is unoccupied. | Aligned: Yes",N,,免费白标SEO报告,Alex Chen
agency rank tracking,"rank tracking for agencies, seo rank tracking for agencies, agency seo rank tracker, rank tracker for seo agencies, seo rank tracking agency",4200,3,Transactional,T1,Guide,Agency Rank Tracking Tool / Multi-Client Rank Tracker,SEO agency managers overlook rank tracking automation ROI because no comparison page models the time cost of manual ranking pulls across a multi-client portfolio.,"SERP returns tool comparison lists (DashThis 12 best, thedigitalprojectmanager 19 best, AgencyAnalytics) evaluating tools on rank tracking accuracy, location targeting, device tracking, and white-label reporting — zero results model the economic cost of manual rank tracking or calculate time savings from automation. One SERP result notes that modern rank trackers now also track AI search engines (Google AI Overviews, ChatGPT, Perplexity) — a new reporting requirement most agencies haven't noticed. The tool comparison format treats rank tracking as a data accuracy problem rather than an agency capacity and margin problem. A page that models agency economics of rank tracking — manual hours per client per month vs automated cost, plus AI search visibility as a new client deliverable — converts managers who have evaluated tools on feature parity rather than workflow impact.",免费试用,,已发布,/blog/agency-rank-tracking,,PG-ART-001,agency_rank_tracking,Pillar,"Agency rank tracking ROI: manual hours per client vs automated cost — plus AI search visibility (Google AIO, ChatGPT, Perplexity) as the new reporting layer agencies aren't billing for yet | Gap_Reason: All SERP results are feature-comparison tool lists; none model agency economics or time-savings math across a multi-client portfolio. | Aligned: Yes",N,,代理机构排名追踪,Marcus Lee
seo reporting tool for seo companies,"seo report tool for agencies, seo reports for clients, client seo report tool, white label seo reporting tool",600,12,Commercial,T2,Comparison,SEO Reporting Tool / Client SEO Report Platform,SEO agency account managers conflate client reporting tools with in-house reporting tools because comparison posts evaluate features without modeling the client delivery workflow difference.,"SERP returns DashThis, SE Ranking, Whatagraph (6 best for agencies), and DAXRM — all positioned as 'best SEO reporting software' or 'best for agencies.' Whatagraph and DashThis market specifically to agencies but evaluate on 'ease of automation' and 'number of integrations' rather than on client-facing clarity and white-label delivery depth. In-house SEO reporting tools optimize for internal stakeholders who understand SEO context; agency tools must produce outputs legible to non-SEO clients evaluating performance on business outcomes. A comparison that models the client delivery workflow — data pull to scheduled branded email with narrative framing — converts agency buyers who have used in-house reporting tools and found them insufficient for external client communication.",免费试用,,已发布,/blog/seo-reporting-tool-for-seo-companies,,PG-ART-002,agency_rank_tracking,Series,"SEO reporting tools compared on client delivery workflow — white-label depth, scheduled client email, narrative framing for non-SEO clients — not just feature integration count | Gap_Reason: SERP results (DashThis, Whatagraph, SE Ranking) evaluate on automation ease and integrations; the in-house vs agency delivery workflow distinction is absent. | Aligned: Yes",N,,专为SEO公司的报告工具,Marcus Lee
local seo audit,"local seo audit checklist, local seo audit report, local seo audit service, local seo audit free, free local seo audit tool",2000,12,Commercial,T1,Checklist + Tool,Local SEO Audit / Google Business Profile Audit,Local SEO consultants conflate site audits with local pack audits because most checklists combine GBP signals and on-page factors without prioritizing by local pack impact.,"SERP contains strong guides (Seobility full walkthrough, SEJ 11-point checklist, Semrush guide) and free audit tools (LocalAuditPro, Greater Leads). SEJ's 11-point checklist covers GBP, citations, reviews, website trust, and local ranking signals — comprehensive but organized as a sequential list rather than by signal weight for local pack inclusion. The key gap: no published guide explicitly separates signals that determine local pack inclusion (GBP completeness, citation NAP consistency, review velocity) from signals that improve organic rankings (on-page content, technical SEO, backlinks) — two different ranking systems addressed together in all current results. A local SEO audit framework that separates local pack signals from organic SEO signals and prioritizes by local pack impact gives consultants the diagnostic tool they need when a client ranks organically but doesn't appear in the local pack.",免费审计,,已发布,/blog/local-seo-audit,,PG-ART-003,agency_rank_tracking,Series,"Local SEO audit that separates local pack ranking signals from general organic SEO signals — the two-system distinction no published checklist makes explicit | Gap_Reason: SEJ, Seobility, and Semrush guides cover GBP and on-page together; none prioritize signals specifically by local pack inclusion weight vs organic ranking weight. | Aligned: Yes",N,,本地SEO审计,Marcus Lee
seo for saas,"saas seo strategy, seo strategy for saas, seo for saas companies, saas content marketing, saas seo guide",1600,0,Informational,T1,Guide,SaaS SEO Strategy / Product-Led Content,SaaS founders conflate blog content strategy with SaaS SEO because most guides prioritize post volume while ignoring pricing pages and trial signups as SEO assets.,"SERP contains strong editorial competition from kalungi, backlinko, simpletiger, directive, and nogood.io — all are well-established SaaS SEO guide publishers. Directive's 'customer-led SEO' guide is the most distinctive angle. The shared gap across all results: every guide addresses keyword research, content strategy, and link building for SaaS but none treats pricing pages, trial signup pages, and product feature pages as distinct SEO content assets with unique optimization requirements separate from blog content. SaaS founders following current guides will build strong blog cluster content while missing the highest-intent conversion pages on their site. A guide that specifically addresses the SEO requirements of each SaaS page type (blog, feature, pricing, comparison, trial) gives founders a complete architecture that all current SERP results omit.",免费咨询,,已发布,/blog/seo-for-saas,,PG-SFS-001,seo_for_saas,Pillar,"SaaS SEO architecture by page type: blog, feature page, pricing page, comparison page, and trial signup — the layer that kalungi, backlinko, and simpletiger all omit | Gap_Reason: Strong competition (backlinko, kalungi, directive) covers SaaS SEO broadly but none treat pricing pages and trial signups as distinct SEO asset types with separate optimization logic. | Aligned: Yes",N,,SaaS SEO策略,Sarah Kim
saas seo platform,"seo platform for saas, seo tools for saas companies, saas seo software, best seo platform for saas",800,1,Commercial,T2,Comparison + Landing,SaaS SEO Platform / SEO Software for SaaS,SaaS marketing leads overlook SaaS SEO platforms because search results return agency lists and generic AI tools rather than platforms built for trial funnel optimization.,"SERP for 'saas seo platform' returns agency listing pages (respona's 43 SaaS SEO firms, position.digital's best agencies) and AI content tool comparisons (SEOZilla automated content, AEO Engine for AI search) — not platforms purpose-built for SaaS company SEO workflows. The intent mismatch is significant: a SaaS marketing lead searching for an SEO platform for their SaaS product gets agency recommendations rather than a tool they can use. SEOZilla is the closest result, positioned as 'AI-powered SEO platform for SaaS' but focused on automated daily article creation rather than trial funnel and pricing page optimization. A page that defines what a SaaS SEO platform should do — trial page optimization, pricing page schema, comparison content automation, integration page structure — captures searchers who can't find this platform type in current SERP.",免费试用,,已发布,/blog/saas-seo-platform,,PG-SFS-002,seo_for_saas,Series,"What a SaaS SEO platform should actually do: trial page optimization, pricing page schema, integration directory structure — not what SERP returns (agency lists and AI content writers) | Gap_Reason: SERP returns agency listing pages (respona 43 firms, position.digital) and AI content tools (SEOZilla, AEO Engine); no page defines or compares platforms on SaaS funnel optimization criteria. | Aligned: Yes",N,,SaaS SEO平台,Sarah Kim
saas seo consultant,"seo consultant for saas, saas seo expert, seo consulting for saas companies, saas seo agency consultant, saas seo specialist",900,3,Commercial,T2,Landing + Service,SaaS SEO Consultant / SaaS Growth Strategist,SaaS growth leads can't distinguish SaaS SEO specialists from generalists because consultant lists surface names and reviews rather than defining what SaaS-specific SEO methodology includes.,"SERP returns individual consultant service pages (mikekhorev.com), consultant marketplace listings (Growtal, Onelittleweb's 46+), and editorial comparisons of vetted consultants (taylorscherseo.com). The taylorscherseo.com result specifically vets consultants on B2B SaaS experience — the closest to an evaluation framework. The gap: no page explains what specific SaaS SEO deliverables distinguish a genuine specialist from a generalist who has worked with one SaaS client — there is no methodology transparency standard for the category. SaaS founders comparing consultants across these lists see names, prices, and client testimonials but cannot verify whether the consultant understands product-led content, trial conversion optimization, or pricing page hierarchy. A page defining verifiable SaaS SEO methodology markers converts buyers that consultant listing pages structurally cannot serve.",预约咨询,,已发布,/blog/saas-seo-consultant,,PG-SFS-003,seo_for_saas,Series,"SaaS SEO consultant evaluation framework: the methodology markers that separate genuine SaaS specialists from generalists claiming SaaS experience — what listing pages like Growtal and Onelittleweb don't show | Gap_Reason: SERP returns consultant ranking lists (46+ consultants on onelittleweb, Growtal marketplace) and individual service pages; none define verifiable SaaS-specific methodology criteria buyers can apply. | Aligned: Yes",N,,SaaS SEO顾问,Sarah Kim
seo for saas startups,"saas startup seo, seo for early stage saas, seo strategy for saas startup, saas startup seo guide",250,3,Informational,T2,Guide,SaaS Startup SEO / Early-Stage SEO Strategy,Pre-revenue SaaS founders skip SEO because most startup guides assume existing domain authority and a content team that zero-DA single-founder startups simply don't have.,"SERP contains omnius.so's 'everything you need to know' guide and growdigitalcareer's '0 to 100K monthly traffic roadmap' — the most relevant results. Both guides assume some initial content infrastructure and consistent publishing schedules that imply a content team. The poweredbysearch result focuses on 'best SEO agencies for startups' — a service page rather than a DIY framework. The genuine zero-DA + one-person + pre-PMF constraint set is not addressed by any result: even budget-focused guides still assume the founder has chosen a domain, set up GSC, and has time to publish weekly. A framework starting from Day 1 zero DA with a 5-hours-per-week ceiling gives pre-revenue SaaS founders a tractable path that no current SERP result provides.",免费试用,,已发布,/blog/seo-for-saas-startups,,PG-SFS-004,seo_for_saas,Series,"SaaS startup SEO from zero: Day 1 playbook for zero-DA founders with 5 hours/week — the constraint set omnius.so and growdigitalcareer guides assume away | Gap_Reason: SERP guides (omnius.so, growdigitalcareer 0-to-100K) assume some content infrastructure; zero-DA single-founder constraint set is unaddressed by any result. | Aligned: Yes",N,,SaaS创业公司SEO,Sarah Kim
ethical seo,"ethical seo company, ethical seo services, white hat seo, ethical seo practices, ethical digital marketing",900,5,Informational,T2,Guide + Brand,Ethical SEO / White-Hat SEO Methodology,Business owners conflate ethical SEO marketing claims with verifiable white-hat practice because no SERP result defines evaluation criteria for distinguishing genuine ethical methodology from self-declaration.,"SERP returns definition pages (Matomo, atroposdigital, canyoufindmenow) and agency service pages (ethicalseo.io, ethicalseoconsulting.com, BruceClay). BruceClay has a 'code of ethics' page — the closest to a verifiable standard. All definition content converges on the same answer: ethical SEO = following Google's guidelines = white-hat SEO. No page defines what verifiable methodology evidence a buyer could request from an agency to confirm their ethical claim — no checklist of practices to request, no questions to ask, no red flags to identify. Buyers who've been burned by penalty-triggering agencies calling themselves 'ethical' need a verification framework, not another definition. A page translating 'ethical SEO' into specific buyer-facing verification criteria converts the highest-value segment — buyers actively trying to avoid a repeat bad experience.",免费咨询,,已发布,/blog/ethical-seo,,PG-EOS-001,ethical_organic_seo,Pillar,"Ethical SEO verification criteria: what to ask any agency to confirm their white-hat claim — the buyer-facing framework BruceClay's code of ethics and every definition page omit | Gap_Reason: All SERP results define ethical SEO as 'following Google guidelines' (Matomo, atroposdigital, BruceClay); none provide buyer-facing verification criteria for evaluating an agency's ethical claim. | Aligned: Yes",N,,道德SEO,Sarah Kim
organic seo services,"organic seo service, best organic seo services, organic seo company, organic search services, organic seo agency",2200,1,Commercial,T1,Landing + Comparison,Organic SEO Services / White-Hat SEO Agency,Marketing directors overlook organic SEO because agency pages list deliverables instead of modeling the ROI compounding curve that beats paid search by year two.,"SERP is entirely agency service pages and agency list posts (embarque.io, smartsites, softtrix, seoprofy) — none model the organic SEO ROI trajectory versus paid search over 24 months. Percepture's 'Organic SEO Services: Costs, Benefits & What's Included' comes closest to an educational resource but focuses on deliverable descriptions rather than ROI modeling. The compounding vs linear return comparison between organic SEO and paid search is the most compelling economic argument for organic investment, yet no page in the SERP makes this calculation explicit. Marketing directors comparing budget allocation compare month-1 organic traffic against month-1 paid traffic and systematically underallocate to organic at exactly the wrong time. A page with a transparent 24-month ROI comparison model converts buyers who are evaluating channels rather than committed to paid search.",免费咨询,,已发布,/blog/organic-seo-services,,PG-EOS-002,ethical_organic_seo,Series,"Organic SEO vs paid search: the 24-month ROI compounding model that no agency service page in SERP shows — why organic underperforms in month 1 and outperforms by year 2 | Gap_Reason: SERP is entirely agency service pages and 'best agency' lists (embarque, smartsites, seoprofy); none model the ROI compounding curve that justifies organic over paid. | Aligned: Yes",N,,自然SEO服务,Sarah Kim
cost effective seo services,"affordable seo services, cheap but effective seo services, value seo services, seo services pricing",600,9,Commercial,T2,Comparison + Pricing,Cost-Effective SEO / SEO ROI Framework,Small business owners conflate affordable SEO with cost-effective SEO because providers define packages by activity volume rather than outcome metrics like cost per ranking gained.,"SERP returns affordable SEO agency lists (seoprofy, thryv, mozwebmedia) and agency service pages defining packages by price range ($300-$2000/month) and deliverable counts — none define what makes a service cost-effective relative to actual ranking or traffic outcomes. The implicit assumption across all results is that cheaper = less capable, framing the buyer decision as 'how much quality am I willing to sacrifice for price' rather than 'which provider delivers the best outcome per dollar.' No result benchmarks providers on cost per ranking position gained or cost per organic lead delivered. A page that redefines cost-effectiveness as outcome-per-dollar and benchmarks providers on that metric converts comparison-stage buyers who have received multiple agency quotes and cannot evaluate them on merit.",免费咨询,,已发布,/blog/cost-effective-seo-services,,PG-EOS-003,ethical_organic_seo,Support,"Cost-effective SEO: how to calculate cost per ranking gained and cost per organic lead — the outcome-based evaluation framework missing from every SERP result | Gap_Reason: All SERP results (seoprofy, thryv, mozwebmedia) define packages by activity volume and price range; none define cost-effectiveness in outcome-per-dollar terms buyers can apply to compare quotes. | Aligned: Yes",N,,高性价比SEO服务,Alex Chen
best ai seo tools,"ai seo tool, top ai seo tools, ai seo software, best ai for seo, ai powered seo tools",1800,13,Commercial,T1,Comparison + Guide,AI SEO Tool / AI-Powered SEO Platform,SEO managers conflate AI content tools with genuine SEO automation because comparison posts test AI writing quality rather than which workflow steps are fully automated.,"SERP contains multiple 2026 tested comparison posts (rankability tested 13, whatagraph tested 13, onelittleweb 15 best, behindrankings tested 20+). All evaluate tools on AI content optimization quality — Rankability, Surfer, Clearscope — testing keyword density, topical coverage, and readability score. The category 'best AI SEO tools' in SERP has become synonymous with 'best AI content writing/optimization tools' — rank monitoring automation, audit automation, and reporting automation are entirely absent from comparison criteria. A buyer searching for AI tools to automate their SEO workflow beyond content writing finds only content optimization comparisons. A comparison framework testing AI SEO tools across the full workflow — audit, content, rank monitoring, reporting, and technical fixes — captures the buyer segment that all current SERP content fails to serve.",免费试用,,已发布,/blog/best-ai-seo-tools,,PG-AIS-001,ai_seo_automation,Pillar,"AI SEO tools compared across the full workflow — audit automation, rank monitoring, reporting, and content — not just AI writing quality as all 2026 SERP comparison posts do | Gap_Reason: All 2026 tested comparison posts (rankability, whatagraph, onelittleweb, behindrankings) evaluate AI writing/content optimization only; workflow automation outside content is absent from all comparison criteria. | Aligned: Yes",N,,最佳AI SEO工具,Marcus Lee
seo automation,"automated seo, seo process automation, seo workflow automation, automate seo, seo task automation",2600,0,Informational,T1,Guide,SEO Automation / SEO Workflow Automation,SEO leads overlook automation ROI because comparison posts list automatable tasks without modeling hours saved per task or cost-per-client impact across a multi-client workflow.,"SERP returns siteimprove's 'what is SEO automation' definition piece, SearchAtlas OTTO (vendor positioning as the most automated SEO platform that 'executes tasks directly'), marketermilk (13 best tools), and two eesel.ai comparison posts. SearchAtlas OTTO represents the most genuinely automated platform — the vendor content is the strongest signal of what full automation looks like. All comparison posts list 13-19 automation tools by category without modeling time savings at the task level. No result answers 'if I automate rank monitoring, how many hours does that save me per client per month' — the calculation that would justify automation investment to a capacity-constrained agency owner. A workflow-level time savings breakdown that quantifies ROI at each automatable SEO task converts agency owners who are aware of automation but haven't calculated whether tool cost is justified.",免费试用,,已发布,/blog/seo-automation,,PG-AIS-002,ai_seo_automation,Series,"SEO automation ROI by task: hours saved per month for rank monitoring, audit, reporting, and content gap analysis — the quantification no comparison post in SERP provides | Gap_Reason: SERP has tool lists (marketermilk 13 best, eesel.ai comparisons) and SearchAtlas OTTO vendor content; none quantify time savings per task or model cost savings per client per month. | Aligned: Yes",N,,SEO自动化,Marcus Lee
all in one seo,"all in one seo tool, all in one seo platform, integrated seo platform, best all in one seo, seo all in one",1500,8,Commercial,T1,Comparison + Landing,All-in-One SEO Platform / Integrated SEO Tool,Agency and SaaS buyers overlook all-in-one SEO platforms because the keyword is dominated by AIOSEO's WordPress plugin results rather than multi-client platform comparisons.,"SERP is dominated by AIOSEO — All in One SEO — a specific WordPress plugin brand (Chrome Web Store extension, WordPress.org plugin page, aioseo.com homepage, Trustpilot reviews for aioseo.com). The search term 'all in one seo' has been captured by the AIOSEO brand, so agency buyers and SaaS companies searching for a comprehensive SEO platform encounter a WordPress-specific product. The non-WordPress agency and SaaS use case — wanting one platform for rank tracking, technical audit, reporting, and content gap analysis — is essentially absent from SERP results. A comparison page framing 'all-in-one SEO platform' specifically for non-WordPress agency and SaaS buyers captures a segment currently failing to find relevant comparison content in search.",免费试用,,已发布,/blog/all-in-one-seo,,PG-AIS-003,ai_seo_automation,Series,"All-in-one SEO platforms for agencies and SaaS — not WordPress plugins: the non-AIOSEO comparison that doesn't exist in SERP | Gap_Reason: SERP dominated by AIOSEO WordPress plugin (chrome extension, wordpress.org, aioseo.com homepage, Trustpilot); non-WordPress agency/SaaS all-in-one platform comparison is entirely absent. | Aligned: Yes",N,,一站式SEO平台,Marcus Lee
seo audit checklist,"technical seo audit checklist, seo website audit checklist, full seo audit checklist, site audit checklist, seo checklist 2026",3100,0,Informational,T1,Checklist + Tool,SEO Audit Checklist / Technical SEO Checklist,SEO practitioners overlook audit execution priority because every published checklist organizes items by SEO category rather than ranking impact magnitude from highest to lowest.,"SERP contains multiple published checklists from 2024-2026 — spyfu's 14-step, serpstat's advanced guide, shortlist.io's '50+ things we actually check,' and marketingaid.io's complete checklist with AI prompts. All organize items by SEO category (technical, on-page, off-page, performance) rather than by ranking impact. Shortlist.io has 50+ items and is particularly comprehensive — but comprehensive and prioritized are different attributes. A practitioner working through 50+ items sequentially invests equal time on items with 0.01% ranking impact and items with 15% ranking impact. A checklist explicitly ranking items by expected ranking impact magnitude — with a 'do these first' sequence that moves rankings before exhaustive completion — converts practitioners who have run comprehensive checklists without proportional ranking movement.",免费审计,,已发布,/blog/seo-audit-checklist,,PG-TAS-001,technical_seo_audit,Pillar,"SEO audit checklist ordered by ranking impact magnitude — the priority-first sequence that spyfu (14-step), serpstat (advanced), and shortlist.io (50+ items) all organize by category instead | Gap_Reason: All SERP checklists organize by SEO category (technical/on-page/off-page); none prioritize items by ranking impact magnitude or provide a 'fix these first' sequence. | Aligned: Yes",N,,SEO审计清单,Marcus Lee
content audit tool,"seo content audit tool, website content audit tool, content audit software, free content audit tool, content audit checklist",700,17,Commercial,T2,Tool + Comparison,Content Audit Tool / SEO Content Analyzer,Content managers conflate content audit tools with general SEO crawlers because SERP returns site crawl tools when searchers need update-vs-remove content decision workflows.,"SERP for 'content audit tool seo' returns generic SEO site crawl tools — Ahrefs free site audit, Screaming Frog, Semrush Site Audit, SEOptimer — rather than dedicated content decision tools. LinkGraph has a 'free content audit tool' positioned as 'onpage SEO audit' — the most relevant result but still framed as technical crawl output. The update-vs-create-vs-remove content decision framework that defines a true content audit is not what any SERP result delivers: all return technical crawl reports rather than content strategy recommendations. Content managers searching for a tool to decide which blog posts to update, which to consolidate, and which to remove are sent to technical crawlers — a tool category that answers different questions entirely. A content audit tool specifically addressing the update-vs-create-vs-remove decision workflow captures managers whose search intent the entire current SERP fails to match.",免费试用,,已发布,/blog/content-audit-tool,,PG-TAS-002,technical_seo_audit,Series,"Content audit tool for the update-vs-create-vs-remove decision — not a site crawler: the workflow SERP returns Ahrefs, Screaming Frog, and Semrush for but none of them actually solve | Gap_Reason: SERP returns technical SEO crawlers (Ahrefs, Screaming Frog, Semrush, SEOptimer); LinkGraph's free content audit tool is the only near-relevant result but frames as onpage crawl rather than content decision workflow. | Aligned: Yes",N,,内容审计工具,Sarah Kim
international seo audit,"international seo audit checklist, hreflang audit, multilingual seo audit, global seo audit, hreflang checker",600,12,Informational,T2,Checklist + Guide,International SEO Audit / Hreflang Audit,International SEO managers overlook hreflang return-tag validation because most checklists confirm hreflang is present rather than testing the bidirectional pair mesh Google requires.,"SERP contains solid guides from swiftbrief, weglot, buriedagency (2026 checklist), and indigoextra — some focused on checklists, others on service offerings. One SERP result confirms the key mechanism: 'Missing return links in hreflang tags is one of the most common errors — and Google just ignores the tags entirely when this happens.' However, all checklists include hreflang as one item without explaining what 'hreflang validation' actually requires at the pair level — the return-tag mesh where every language-region page must link back to every other language-region version. This pair-level validation requirement is documented by Google but not translated into a practical validation process in any SERP result. A checklist that specifically tests hreflang at the pair level with a concrete validation process gives international SEO managers the diagnostic tool they need to fix the most common international ranking failure.",免费审计,,已发布,/blog/international-seo-audit,,PG-TAS-003,technical_seo_audit,Series,"International SEO audit with hreflang pair-level validation — not just confirming hreflang is present, which is what weglot, buriedagency, and every SERP checklist stop at | Gap_Reason: SERP guides (swiftbrief, weglot, buriedagency) mention hreflang as a checklist item; none provide a pair-level return-tag mesh validation process. One result confirms 'Google ignores tags entirely' when return tags are missing. | Aligned: Yes",N,,国际SEO审计,Marcus Lee
startup seo,"seo for startups, startup seo services, startup seo strategy, seo startup, seo for startup business",900,10,Informational,T2,Guide,Startup SEO Strategy / Early-Stage Organic Growth,Startup founders conflate startup SEO with early-stage SEO because budget guides still assume some domain history or content team that day-one founders don't have.,"SERP contains CXL's 'defensive MOAT' guide (strategic keyword capture), respona's 'small team budget guide,' and salesforce's beginner-friendly overview. CXL is the strongest — it addresses competitive moat building for startups but assumes a more established starting position. Respona's budget guide comes closest to the zero-resource constraint but still recommends tools and consistent publishing schedules implying a recurring content commitment. The missing piece across all results: a startup SEO approach that starts from truly zero — zero DA, zero content, zero tool budget, one founder with 5 hours/week — and provides a 60-90 day path to first-page rankings on zero-competition keywords. A zero-starting-point framework explicitly stating DA 0, content count 0, and a first-month action list converts the earliest-stage founders that CXL, respona, and salesforce all fail to reach.",免费试用,,已发布,/blog/startup-seo,,PG-SDS-001,startup_diy_seo,Pillar,"Startup SEO from zero: DA 0, content count 0, 5 hours/week — the constraint set CXL's MOAT guide and respona's budget guide both assume away | Gap_Reason: CXL (moat guide), respona (budget guide), and salesforce (beginner guide) all assume some domain history or consistent publishing capacity; the truly zero-starting-point framework is absent from SERP. | Aligned: Yes",N,,创业公司SEO,Sarah Kim
free seo consultation,"free seo consultation call, free seo audit consultation, seo consultation free, free seo strategy call, free seo advice",1100,0,Transactional,T2,Landing / CTA Page,Free SEO Consultation / SEO Audit Call,Business owners dismiss free SEO consultations because most pages offering them are acquisition funnels delivering templated audits rather than site-specific analysis with committed deliverables.,"SERP is dominated by agency lead-generation pages — PinkSEO, SF Media, Angry Apple Media, IdeaHills — all offering free consultations as acquisition funnels. One exception: Luca Tagliaferro explicitly markets 'no sales pitch in the call, just free SEO strategy and consultation advice' — the only result that pre-commits to a non-sales experience. Semrush's TechRadar deal (free $300 consultation bundled with PRO subscription) inverts the model by attaching dollar value. The majority of consultation offers promise insights but deliver templated audit presentations, confirming the low-expectation prior that most business owners bring to this search. A landing page pre-committing to specific site-specific deliverables — three prioritized opportunities, competitor gap analysis, estimated ranking timeline — differentiates from the category and captures searchers bracing to endure a sales call.",预约免费咨询,,已发布,/free-seo-consultation,,PG-SDS-002,startup_diy_seo,Support,"Free SEO consultation with committed deliverables: 3 site-specific opportunities + competitor gap + ranking estimate — the opposite of every SERP result's acquisition funnel approach | Gap_Reason: All SERP pages (PinkSEO, SF Media, Angry Apple, IdeaHills) are agency lead-gen funnels; only Luca Tagliaferro explicitly commits to a non-sales call, with no pre-defined deliverables. | Aligned: Yes",N,,免费SEO咨询,Alex Chen
seo starter package,"seo starter kit, seo basics package, beginner seo package, starter seo service, entry level seo",450,17,Commercial,T2,Landing + Pricing,SEO Starter Package / Entry-Level SEO Service,Small business owners conflate SEO starter packages by price because comparison posts rank packages by cost and deliverable count rather than ranking milestone commitments.,"SERP returns bkacontent's '7 best SEO starter packages' comparison (organized by price and deliverable count), agency service landing pages (ALM Corp at $399, Merchant Service), and productized starter kits (Salted Pages, seostarterpack.net). All comparison and service content defines packages by activity deliverables — hours per month, posts per month, backlinks per month — rather than by ranking milestone commitments or trial-period performance guarantees. The $399-$599 price range creates a price-competitive category where differentiation on quality is impossible without an outcome framework. A buyer's guide introducing ranking milestone criteria — what a legitimate starter package should demonstrate after 90 days — gives buyers an evaluation framework at the exact moment they're comparing quotes and finding all packages described in identical activity-billing terms.",免费试用,,已发布,/blog/seo-starter-package,,PG-SDS-003,startup_diy_seo,Series,"SEO starter package buyer's guide: what ranking milestones to require at 90 days — the evaluation criteria missing from bkacontent's comparison and every agency service page | Gap_Reason: SERP results (bkacontent 7 best, ALM Corp, Merchant Service) rank packages by price and activity deliverables; none define ranking milestone criteria buyers can use to compare outcome quality. | Aligned: Yes",N,,SEO入门套餐,Sarah Kim
seo for technology companies,"seo for tech companies, seo for software companies, seo for tech startups, b2b tech seo, seo for it companies",1000,0,Informational,T2,Guide,Technology Company SEO / B2B Tech SEO Strategy,Tech company marketers overlook developer docs as SEO assets because tech SEO guides focus on blog content rather than API references and integration directory pages.,"SERP contains comprehensive guides — linkgraph's 35 tips, seoprofy's ultimate 2026 guide, stratabeat's 7 ways, segmentseo's complete guide. All address standard B2B SEO components: keyword research, content strategy, technical SEO, link building. One SERP result specifically notes 'prospects in the IT space are highly knowledgeable and expect the information on your site to be accurate and helpful' — the technical audience expectation is acknowledged. Missing from all guides: developer documentation, API reference pages, integration directory listings, and changelog pages as distinct SEO content assets that tech companies produce naturally and that rank for high-intent technical queries. A tech company SEO guide specifically addressing documentation SEO, integration page optimization, and developer-led content architecture gives marketing leads a framework absent from every current SERP result.",预约演示,,已发布,/blog/seo-for-technology-companies,,PG-B2B-001,b2b_agency_seo,Pillar,"Technology company SEO with developer docs, API pages, and integration directories as first-class SEO assets — the layer linkgraph (35 tips), seoprofy (ultimate guide), and stratabeat (7 ways) all omit | Gap_Reason: All SERP guides focus on blog content, keyword research, and links; developer documentation, API references, and integration directories as SEO asset types are absent from every result. | Aligned: Yes",N,,科技公司SEO,Alex Chen
seo outreach agency,"seo outreach services, seo link outreach agency, outreach seo, link building outreach agency, seo outreach company",700,3,Commercial,T2,Comparison + Landing,SEO Outreach Agency / Link Building Service,SEO managers conflate outreach agency quality with link volume because SERP results are agency service pages without editorial quality benchmarks buyers can use to compare.,"SERP returns agency service pages and agency list posts — FlyingVGroup's '6 teams that build powerful backlinks,' Four Dots (14 years experience), OutreachZ (top link building agency). All agency pages market on 'manual outreach,' 'high DR backlinks,' and 'editorial placements' — none define what their quality standards mean in measurable terms. The one data point available: OutreachZ mentions '10+ years of publisher relationships' — suggesting quality is proxied by relationship tenure rather than editorial independence verification. Buyers comparing outreach agencies see identical-sounding quality claims with no distinguishing framework available anywhere in SERP. A comparison introducing cost-per-link quality benchmarks — editorial independence test, minimum traffic threshold, topical relevance scoring — gives buyers the evaluative signal that agency marketing copy is designed to obscure.",预约演示,,已发布,/blog/seo-outreach-agency,,PG-B2B-002,b2b_agency_seo,Series,"SEO outreach agency comparison with editorial independence benchmarks and quality minimums — the evaluative framework absent from every agency service page in SERP | Gap_Reason: SERP is entirely agency service pages (FlyingVGroup, Four Dots, OutreachZ) marketing on 'manual outreach' and 'high DR links' without defining verifiable quality benchmarks buyers can apply. | Aligned: Yes",N,,SEO外链拓展服务,Alex Chen
best tools for seo for b2b,"b2b seo tools, seo tools for b2b companies, top seo tools for b2b, best b2b seo tools, b2b seo software",400,0,Commercial,T2,Comparison,B2B SEO Tools / B2B SEO Platform,B2B marketers conflate standard SEO tools with B2B SEO tools because every B2B tool comparison recommends Ahrefs and Semrush without evaluating account-level intent signal capability.,"SERP contains multiple B2B-specific tool lists — lowfruits.io (10 B2B SEO tools), poweredbysearch (20 must-have B2B SaaS SEO tools), scalixai (13 best B2B SEO tools for 2026). Most lists recommend Ahrefs, Semrush, Surfer with B2B-specific framing added as commentary rather than as evaluation criteria. PoweredBySearch is the most relevant, specifically addressing B2B SaaS SEO tool needs, but still recommends standard enterprise tool recommendations. The missing evaluation dimension: B2B SEO requires tools that can segment traffic by ICP profile, model pipeline contribution from organic content, and analyze content performance at the deal stage — not just traffic and ranking metrics. A comparison evaluating B2B SEO tools on pipeline-attribution capability and ICP-intent signal capture gives B2B marketers the framework none of the current comparison posts apply.",预约演示,,已发布,/blog/best-tools-for-seo-for-b2b,,PG-B2B-003,b2b_agency_seo,Series,"B2B SEO tools compared on pipeline attribution and ICP intent signal capability — the evaluation dimension every B2B tool list (lowfruits, poweredbysearch, scalixai) omits by recommending Ahrefs and Semrush with B2B framing | Gap_Reason: Multiple B2B tool lists exist but all recommend standard enterprise tools (Ahrefs, Semrush, Surfer) with B2B framing; none evaluate on pipeline attribution or ICP-intent signal capability. | Aligned: Yes",N,,B2B最佳SEO工具,Marcus Lee
affordable seo tools,"best affordable seo tools, low cost seo tools, cheap seo tools, budget seo tools, best cheap seo tools",900,15,Commercial,T2,Comparison + Guide,Affordable SEO Tools / Budget-Friendly SEO Software,Budget-constrained agency owners conflate cheap with affordable SEO tools because comparison posts rank by price and feature count rather than delivery capability per dollar.,"SERP returns eesel.ai's 'honest review' of 5 affordable tools, ibeamconsulting's 20+ cheap tool list, and therankmasters' 'best cheap for small businesses' — all organizing by price and feature checklist. SE Ranking appears across multiple results as the top affordable pick ($65/month annually). Mangools is consistently recommended for affordability at lower price points. Key gap: no comparison evaluates affordable tools specifically against agency delivery requirements — multi-client rank tracking, white-label reporting depth, client portal capability. All recommendations are optimized for individual SEO practitioners or small businesses, not for agencies that need white-label client delivery at sub-$200/month. An affordable tool comparison evaluating specifically on agency delivery capability converts agency owners whose budget and ICP are not served by any current SERP result.",免费试用,,已发布,/blog/affordable-seo-tools,,PG-CMP-001,seo_tools_comparison,Pillar,"Affordable SEO tools for agencies: ranked by white-label depth and multi-client capability per dollar — not by feature count as eesel.ai, ibeamconsulting, and therankmasters do | Gap_Reason: All SERP comparisons (eesel.ai, ibeamconsulting, therankmasters) rank by price and general feature checklist; agency delivery capability (white-label, multi-client management) is absent from all evaluation criteria. | Aligned: Yes",N,,实惠SEO工具,Alex Chen
serankings,"serankings review, serankings vs semrush, serankings alternative, se ranking features, se ranking pricing, se ranking seo tool",1400,12,Commercial,T2,Comparison / Alternative,SE Rankings Alternative / SEO Tool Comparison,Agency owners overlook SE Rankings' white-label limitations because SERP returns SE Ranking's own marketing content and generic review scores rather than post-onboarding agency workflow analysis.,"SERP is largely captured by SE Ranking's own content (seranking.com free tools page, main website, Google Workspace marketplace listing) and one third-party 2026 review from Demandsage. Demandsage covers SE Ranking's features comprehensively — rank tracking, keyword research, site audit, content editor — with pros and cons, but does not address agency-specific white-label delivery depth at scale. Missing from all SERP results: a comparative analysis of SE Ranking's white-label client portal depth versus agency-native white-label platforms, and what SE Ranking's limitations are for agencies managing 20+ clients at the portal configuration level. An agency owner who has outgrown SE Ranking's white-label delivery at scale finds no comparative content in SERP that explains which platform addresses those limitations. A page directly addressing 'SE Rankings vs alternatives for agency white-label delivery' captures searcher intent the current SERP entirely fails to serve.",免费试用,,已发布,/blog/serankings-alternative,,PG-CMP-002,seo_tools_comparison,Series,SE Rankings vs agency-native white-label platforms: what agencies discover after onboarding 20+ clients — the post-scale comparison SERP doesn't have | Gap_Reason: SERP dominated by SE Ranking's own content (seranking.com) and Demandsage's 2026 review; no result analyzes white-label portal depth or scale limitations for multi-client agency workflows. | Aligned: Yes,N,,SE Rankings替代方案,Marcus Lee
seo diagrams,"seo diagram, seo infographic, seo visual guide, seo flow diagram, seo architecture diagram",400,14,Informational,T2,Visual Guide,SEO Diagrams / SEO Visual Frameworks,SEO practitioners overlook visual explanation resources because SERP for SEO diagrams returns stock photo sites rather than technically accurate architecture models with explanatory annotations.,"SERP for 'seo diagrams' is dominated by stock photo and vector illustration sites — iStock (4,800+ SEO process diagram stock photos), Freepik (free graphics), Pinterest. The only editorial results are teamlewis on site structure diagrams and orbitmedia on how images affect SEO — neither a curated diagram library. This SERP state confirms an extreme gap: practitioners searching for presentation-ready SEO architecture diagrams find only stock illustrations that are visually generic and technically inaccurate for explaining crawl logic, cluster structure, or internal linking topology. This is the highest-confidence content gap in the cluster: zero editorial competition, immediate SERP dominance possible against stock photo sites, and clear recurring practical demand from practitioners preparing strategy presentations.",免费试用,,已发布,/blog/seo-diagrams,,PG-CMP-003,seo_tools_comparison,Support,"Curated SEO diagrams with explanatory annotations: crawl architecture, cluster structure, internal linking topology — the resource SERP returns iStock (4800+ stock photos) and Freepik for instead of | Gap_Reason: SERP dominated by stock photo sites (iStock 4800+ photos, Freepik, Pinterest); only teamlewis (site structure) and orbitmedia (images & SEO) are editorial results with no diagram library. | Aligned: Yes",N,,SEO图解,Sarah Kim
why use a backlink monitor tool,"backlink monitor tool, backlink monitoring software, why monitor backlinks, best backlink monitor, backlink tracking tool",300,0,Informational,T2,Definition + Guide,Backlink Monitor Tool / Link Monitoring,SEO practitioners treat backlink monitoring as reactive maintenance because published guides frame it as lost-link tracking rather than a predictive signal preceding GSC ranking drops.,"SERP contains multiple articles directly answering the question — marketingspecialists.co.za, searchxpro.com, dyadmarketing.com (revenue impact), authority.builders. All frame backlink monitoring as protection and tracking: 'track lost links,' 'spot toxic links,' 'protect your investment.' The early-warning signal framing — that link loss is detectable in backlink data 2-3 weeks before Google Search Console shows a ranking drop — is absent from all SERP results. This specific mechanism (backlink change → ranking change lag) is well-documented in the SEO community but has not been made the primary 'why use this tool' argument by any published guide. A guide leading with the predictive early-warning angle — 'detect ranking drops before they happen' rather than 'react after they happen' — differentiates from all current SERP results and reframes the tool category from reactive to proactive.",免费试用,,已发布,/blog/why-use-a-backlink-monitor-tool,,PG-SLB-001,social_link_building,Support,"Why use a backlink monitor tool: the early-warning signal that precedes GSC ranking drops by 2-3 weeks — the framing absent from marketingspecialists, searchxpro, dyadmarketing, and authority.builders | Gap_Reason: Multiple articles directly answer this question but all frame backlink monitoring as reactive (lost-link tracking, toxic-link detection); the predictive early-warning signal preceding GSC drops is absent from all SERP results. | Aligned: Yes",N,,为什么使用外链监控工具,Marcus Lee
tiktok seo tool,"seo tool for tiktok, tiktok seo tool free, tiktok seo optimization, tiktok keyword research tool, tiktok seo",500,30,Commercial,T2,Guide + Tool,TikTok SEO Tool / TikTok Search Optimization,Social media managers conflate TikTok algorithm optimization with TikTok SEO because most tools optimize captions and hashtags for recommendation rather than search-intent keywords.,"SERP returns Hootsuite's free TikTok SEO tool (caption generator optimized for hashtags and FYP), keywordtool.io (hashtag and keyword tool), Rise at Seven (ultimate TikTok Search guide), and Epidemic Sound (TikTok SEO overview). The tool category is populated with hashtag optimization and caption generation tools — optimized for For You Page recommendation signals. Rise at Seven's editorial guide does explain TikTok Search as a distinct discovery mechanism, but it is editorial content rather than a tool. The gap: no tool specifically optimizes for TikTok Search intent keywords (how users type queries into TikTok's search bar) vs hashtag optimization for FYP discovery — two different optimization targets requiring different keyword approaches. A TikTok SEO tool evaluation separating Search optimization from FYP optimization gives social media managers the distinction that no current tool page explains.",免费试用,,已发布,/blog/tiktok-seo-tool,,PG-SMS-001,social_media_seo_tools,Series,"TikTok Search optimization vs TikTok FYP optimization: different keywords, different logic — and why Hootsuite and keywordtool.io only solve the FYP side | Gap_Reason: SERP tools (Hootsuite, keywordtool.io, tiktokkeywords.com) optimize hashtags and captions for FYP recommendation; TikTok Search-intent keyword optimization is only addressed by Rise at Seven's editorial guide, not any tool. | Aligned: Yes",N,,TikTok SEO工具,Sarah Kim
cheap seo,"cheap seo services, cheap seo agency, budget seo, affordable seo packages, cheap seo company, inexpensive seo",1800,7,Commercial,T2,Comparison,Affordable SEO Services / Budget SEO Package,Small business owners conflate cheap SEO risk (black hat shortcuts) with budget-efficient affordable SEO because most comparison pages either list agencies without deliverable transparency or warn about risks — none show what quality $800 vs $2000 vs $5000/month actually includes.,"SERP returns agency ranking lists (loopexdigital, concurate, seodiscovery), pricing guides (almcorp, sparkzmarketing), and red flag warnings (fzpdigital). Key data: $800-$5000/month for quality, <$500 signals shortcuts (5 red flags article). No SERP result maps specific monthly deliverables to price tiers. Gap: a page decoding price tier deliverables (what you get at each tier) converts the buyer who has been burned by $99/month ""SEO"" and now needs to understand fair value.",免费咨询,,待写,,,PG-CMP-004,seo_tools_comparison,Series,"Cheap SEO price tiers decoded: what $500, $2000, and $5000/month actually delivers in 2026 — and the 3 deliverable gaps that separate affordable agencies from penalty-risk providers | Gap_Reason: SERP either ranks agencies or warns about risks; no page maps specific monthly deliverables to price tiers. | Aligned: Yes",N,,廉价SEO服务,Marcus Lee
best cheap seo tools,"affordable seo tools, cheap seo tools, budget seo tools, low cost seo tools, inexpensive seo software, best budget seo tools",600,18,Commercial,T2,Comparison,Budget SEO Tools / Affordable SEO Software,"Solo founders and small marketing teams select the wrong affordable SEO tool because 2026 comparison posts rank by feature count and total price, not by primary job-to-be-done — rank tracking vs keyword research vs technical audit are conflated into a single ""best cheap tool"" ranking.","SERP returns multiple comparison posts (marketermilk 24 best, seomator 10 affordable, outrank 12 cheap, rnkrocket 10 cheapest). Tools covered: SE Ranking ($44/mo), Mangools ($29/mo), Ubersuggest ($12/mo), KeySearch ($48/mo). All organized by price tier or feature count, none by use-case fit. Gap: a comparison organizing tools by primary job (rank tracking: SE Ranking; keyword research: Mangools; all-in-one: KeySearch) at each budget tier ($10-30/mo, $30-50/mo) gives buyers a framework current comparisons don't provide.",免费试用,,待写,,,PG-CMP-005,seo_tools_comparison,Series,"Best cheap SEO tools in 2026 matched to your primary job (rank tracking, keyword research, or technical audit) — not a ranked list by price but a use-case map for the $30-50/month budget | Gap_Reason: All SERP comparison posts rank by feature count or price tier; none organize by the specific job the tool is hired to do. | Aligned: Yes",N,,最实惠的SEO工具,Marcus Lee
affordable seo software,"affordable seo tool, budget seo software, cheap seo software, low cost seo software, best affordable seo software, seo software for small business",500,8,Commercial,T2,Comparison,Affordable SEO Software / Budget SEO Platform,"Marketing managers conflate affordable SEO software with feature-limited tools because no 2026 comparison shows which features a 1-5 person team actually uses vs which are enterprise extras being sold down-market, resulting in overpaying for features they will never touch.","SERP returns the same tool comparison posts as ""best cheap seo tools"" (seomator, rnkrocket, donutzdigital). SE Ranking and Mangools dominate affordable recommendations. Key gap: none of the comparisons map features to team size (solo founder vs 2-5 person marketing team vs small agency) — the buying decision for a solo vs a 3-person team is fundamentally different. Gap: feature-to-team-size mapping at each price tier ($29-50/mo range) gives marketing managers a decision framework absent from every current affordable SEO software review.",免费试用,,待写,,,PG-CMP-006,seo_tools_comparison,Series,"Affordable SEO software matched to team size (solo, 2-5 person, small agency) — the feature map that stops marketing managers from paying for 500 keywords when they only track 50 | Gap_Reason: All affordable SEO software reviews compare by price and feature count; none map feature needs to team size or workflow type. | Aligned: Yes",N,,实惠的SEO软件,Marcus Lee
free seo company,"free seo services, free seo help, seo company free trial, seo services for free, get seo for free, free seo agency",600,1,Problem-aware,T3,Guide,Free SEO Services / Zero-Cost SEO Options,"Small business owners conflate free SEO tools with free professional SEO service delivery because SERP results mix free tools pages, free consultation offers, and agency pricing guides — none directly addresses why ""free SEO company"" doesn't exist and what the closest realistic alternatives are.","SERP returns pricing guides (almcorp), affordable agency lists, and free tools articles. The searcher intent is transactional — finding SEO services at zero cost. No SERP result directly explains the free/paid spectrum: what is genuinely free forever (GSC, GA4, basic tools) vs free-to-start hooks (audits, consultations) vs performance-based models (low upfront, % of results). Gap: a page mapping the entire ""free SEO"" spectrum converts the zero-budget searcher into a realistic buyer who understands what quality SEO actually costs and what partial substitutes exist.",免费咨询,,待写,,,PG-EOS-004,ethical_organic_seo,Series,"Free SEO company: what actually exists at zero cost (tools, audits, consultations) vs what ""free"" really means — and the performance-based SEO model that comes closest for zero-budget businesses | Gap_Reason: SERP returns agency lists and pricing guides; no page maps the genuine free/paid spectrum with clear category distinctions. | Aligned: Yes",N,,免费SEO公司,Sarah Kim
organic seo service,"organic seo services, organic search optimization service, natural seo service, organic seo company, organic search seo, long term seo service",600,5,Transactional,T2,Guide,Organic SEO Service / Long-Term SEO Delivery Model,"Business owners conflate ""organic SEO service"" with content writing because most agency service pages describe blog post production as organic SEO, without showing how technical fixes, link building, and content work together in a structured monthly delivery model.","SERP returns organic vs paid comparison articles (searchatlas, brandleapagency) and agency service pages (percepture). Most content explains the organic/paid distinction (costs, timelines, CTR differences) rather than what organic SEO service delivery actually looks like month-by-month. Key data: 3-6 months for initial results, 12-18 months for meaningful revenue in competitive niches. Gap: a page showing the month-by-month organic SEO delivery workflow (Month 1 = audit + keyword strategy, Month 2 = technical fixes + content plan, Month 3+ = content + link building + reporting) — what no current agency service page explains at this level of operational detail.",免费咨询,,待写,,,PG-EOS-005,ethical_organic_seo,Series,Organic SEO service delivery decoded: the month-by-month workflow from audit to first-page rankings — what agencies actually do each month that blog post production alone can't replace | Gap_Reason: SERP explains organic vs paid differences; none show the operational delivery model month-by-month. | Aligned: Yes,N,,自然搜索SEO服务,Sarah Kim
ethical seo services,"ethical seo agency, white hat seo services, sustainable seo services, ethical seo company, responsible seo, ethical link building",450,12,Transactional,T2,Comparison,Ethical SEO Agency / White-Hat SEO Service Delivery,"Business owners conflate ethical SEO with slow SEO because agency comparison posts list tactics ethical agencies avoid (PBNs, link farms, AI spam) without showing what ethical agencies actively deliver — leaving buyers unable to verify a vendor's claims during the sales process.","SERP returns ethical agency ranking lists (trailblazermktg 10 best, thebacklinkcompany white hat services). Key finding: ethicalseo.io exists as a dedicated ""Ethical SEO Agency for SaaS"" brand. Most results define ethical SEO by what agencies refuse to do, not what they deliver proactively. Gap: a verification guide — the specific questions to ask, audit steps to run, and delivery evidence to request that let buyers distinguish genuinely ethical agencies from those that claim ethics as a marketing position.",免费咨询,,待写,,,PG-EOS-006,ethical_organic_seo,Series,How to verify an ethical SEO agency before signing: 5 questions and 3 audit steps that separate genuine white-hat delivery from agencies using ethics as a marketing claim | Gap_Reason: SERP ranks ethical agencies by reputation; no guide shows buyers how to verify ethical practice before committing to a contract. | Aligned: Yes,N,,合规SEO服务,Sarah Kim
manual seo service,"human seo service, manual seo optimization, manual link building service, manual seo work, hands on seo service, manual search optimization",500,3,Transactional,T2,Guide,Manual SEO Service / Human-Led SEO Agency Engagement,"Business owners searching ""manual SEO service"" conflate task-level manual work (human content vs AI) with engagement model (managed agency vs self-service tools), because comparison posts debate automation at the task level (link building, auditing) without ever defining what ""manual SEO service"" looks like as a client engagement.","SERP returns manual vs automated SEO debate articles (14kbsol, splashsol, dmcockpit). All compare task-level manual vs automated (rank tracking, content, link building). The 30/70 hybrid model dominates 2026 thinking. No page defines manual SEO as a client engagement model — what you receive monthly, what you review, what the approval workflow looks like. Gap: a page defining manual SEO service as a managed delivery engagement (monthly deliverables, approval checkpoints, reporting cadence) vs self-service tools — the definition the searcher actually needs to evaluate a vendor.",免费咨询,,待写,,,PG-B2B-004,b2b_agency_seo,Series,"Manual SEO service defined: what human-led delivery looks like as a monthly client engagement — deliverables, approval checkpoints, and the 30/70 automation split agencies actually use in 2026 | Gap_Reason: SERP debates manual vs automated at the task level; no page defines manual SEO as a client engagement model with monthly structure. | Aligned: Yes",N,,人工SEO服务,Alex Chen
b2b saas seo,"seo for b2b saas, b2b saas seo strategy, b2b saas organic growth, saas b2b seo, b2b software seo, saas seo pipeline",800,2,Informational,T2,Guide,B2B SaaS SEO Strategy / Pipeline-Attributed Organic Growth,"B2B SaaS marketers conflate content-led growth with B2B SaaS SEO because every 2026 strategy guide emphasizes BOFU comparison pages and keyword clusters, without addressing how to build the pipeline attribution layer that connects organic sessions to CRM deals and proves SEO ROI to leadership.","SERP returns comprehensive strategy guides from agencies (purplepath, revenuezen, yesoptimist, saas-seo.com, angelfish). All prioritize BOFU comparison/alternative pages and cluster-based keyword strategy. Key data: 94% of B2B buyers use LLMs during purchase; median 3-year SEO ROI is 702%; organic leads convert 1.5-3x better than paid. No guide addresses the attribution infrastructure (GSC → GA4 → CRM) that transforms traffic data into pipeline dollars. Gap: a B2B SaaS SEO guide built around the attribution reporting layer — showing exactly how to set up the tracking that proves organic value in your CRM.",免费咨询,,待写,,,PG-SFS-005,seo_for_saas,Series,"B2B SaaS SEO in 2026: the pipeline attribution layer every strategy guide skips — how to connect GSC → GA4 → CRM to prove organic ROI to leadership, not just traffic | Gap_Reason: All SERP strategy guides focus on content clusters and BOFU keywords; none show the attribution infrastructure connecting organic sessions to CRM pipeline. | Aligned: Yes",N,,B2B SaaS SEO策略,Sarah Kim
saas seo expert,"saas seo consultant, saas seo specialist, hire saas seo expert, saas seo services, best saas seo consultant, saas seo advisor",600,1,Transactional,T2,Guide,SaaS SEO Consultant / Fractional SaaS SEO Expert,"SaaS founders conflate SaaS SEO expertise with general SEO expertise because consultant ranking lists evaluate by testimonials and portfolio volume, not by the specific capability that matters for SaaS: building the PLG content architecture that drives trial signups rather than pageviews.","SERP returns extensive consultant ranking lists (onelittleweb 46+, exaltgrowth 17, taylorscherseo 16 vetted B2B SaaS agencies). Pricing: $3,000-$7,000/month for consultants, $4,000-$10,000 for fractional SEO. Key insight from alexbirkett: ""SaaS SEO is not content marketing with a subscription billing page."" No ranking guide shows founders how to evaluate consultant quality on the trial-conversion funnel architecture specifically. Gap: a hiring guide with 5 specific evaluation questions and 3 portfolio evidence criteria that distinguish SaaS-fluent consultants from generalists who repackaged their offer as ""SaaS SEO.""",免费咨询,,待写,,,PG-SFS-006,seo_for_saas,Series,How to hire a SaaS SEO expert: 5 evaluation questions and 3 portfolio evidence criteria that separate trial-conversion specialists from generalists with a SaaS rebrand | Gap_Reason: SERP ranking lists evaluate consultants by testimonials and portfolio size; none give founders a vetting framework for SaaS-specific capability. | Aligned: Yes,N,,SaaS SEO专家,Sarah Kim
integrated seo,"integrated seo strategy, seo integration, omnichannel seo, search everywhere optimization, integrated digital marketing seo, seo across channels",900,0,Informational,T2,Guide,Integrated SEO Strategy / Search Everywhere Optimization,"Marketing managers conflate ""integrated SEO"" with adding SEO tasks to existing channels because all 2026 strategy guides define integration at the concept level (SEO + PPC + social + CRM) without showing the operational template — who owns what, which data flows where, how the monthly workflow runs across functions.","SERP returns strategy guides (linkbuildinghq, opace, wf-creative) defining integrated SEO as ""Search Everywhere Optimization"" covering TikTok, YouTube, Reddit, voice, AI in addition to Google. The concept is well-defined; the implementation is not. Key finding: successful integrated SEO requires coordination across editorial, IT, UX, PR, and product management. No guide shows the operational template: team roles, data handoffs, reporting cadences. Gap: an integrated SEO operational guide for 5-15 person marketing teams with the exact workflow, tool stack, and accountability map that translates the strategy concept into weekly execution.",免费咨询,,待写,,,PG-B2B-005,b2b_agency_seo,Series,"Integrated SEO operational guide for 5-15 person teams: team roles, data handoffs, and the monthly workflow that turns Search Everywhere Optimization from strategy concept to weekly execution | Gap_Reason: All SERP strategy guides define integrated SEO conceptually; none provide the operational template with role assignments and data flow. | Aligned: Yes",N,,整合SEO策略,Alex Chen
