cluster_id,cluster_name,track,content_layer,business_role,primary_entity,jtbd,content_angle,us_share,pillar_page,series_pattern,keywords_included,page_assets,internal_link_rule,cta_primary,psych_safety_flag,priority,week,success_metric,
white_label_seo,White Label SEO Tools & Reports,量产线,Product Feature,Core Product Feature + Lead Generation,White Label SEO Tool / White Label Reports,Resell SEO capabilities under your own brand without building from scratch,White-label SEO tools agencies deploy in days vs. months of custom development — margin expansion without headcount expansion,高,Best White Label SEO Tools for Agencies: A 2026 Complete Guide,White Label {SEO Feature} Tool,"best white label seo tool, free white label seo, free white label seo audit tool, free white label seo report, seo audit tool white label, seo white labeled ranking tool, white label keyword research, white label seo analysis tool, white label seo scan, whitelabel seo tool",3+ pages,Pillar links to all Series; Series cross-links to agency_rank_tracking; all pages CTA to free trial,免费试用,N,P0,Week 1,Free trial signups from white-label pages > 10/month,核心产品功能词簇；white label keyword research 900月搜、SERP✅弱；free white label seo ⚡快速胜利★；竞争弱且直接命中产品能力
agency_rank_tracking,Agency Rank Tracking & Reporting,量产线,Product Feature,Core Product Feature,Rank Tracking Tool / SEO Reporting Software,Track client rankings automatically and generate professional reports at scale,Automated agency-grade rank tracking vs manual spreadsheet reporting — how top agencies eliminate 10+ hours/week of client reporting overhead,高,Agency Rank Tracking Software: The Complete Guide for SEO Agencies in 2026,{Type} SEO Reporting Tool,"agency rank tracker software, agency rank trackers, agency rank tracking, agency rank tracking software, automated seo monitoring, automated seo report, automated seo reporting tool, basic seo report, best daily rank checker, best daily rank tracking software for seo, best metrics for website seo, best rank tracker with api, best rank tracking software, best seo metric software, best seo ranking reports, best seo report software, best seo report tools, best seo reporting tool, bing rank checker, bing ranking checker, boost search engine rankings, brand seo reports, cheap seo report, cheap seo reporting, custom seo reports, enterprise rank tracker software, free seo report pdf, free seo report template, high search engine ranking optimization, how to create an seo report, how to improve search engine rankings, increase search ranking, keyword rank tracking video, l seo reporting tools, local seo audit, metrics for seo, on page content strategy to increase search engine rankings, pre seo ranking report, professional seo report, rank tracking for enterprise seo, rank tracking tool for agencies, rank tracking tool for enterprise, ranking reports seo, real seo reporting tool, reporting seo, search engine positioning, search engine positioning improvement, search engine ranking reports, seo analytics reporting, seo benchmarking, seo client reporting tools, seo important metrics, seo monitoring, seo positioning, seo ranking reporting software, seo report api, seo report card tool, seo report for client, seo report metrics, seo report software, seo report summary, seo reporting, seo reporting analytics, seo reporting platform, seo reporting software, seo reporting software reviews, seo reporting solutions, seo reporting system, seo reporting tool for clients, seo reporting tool for seo companies, seo reporting tools, seo reports software, top seo reporting tools, track seo, tracking for seo agencies, tracking for seo agency, upcity seo reports, video seo keyword rank tracker, web search engine positioning, website search engine positioning, what is a seo report, what is the best automated seo reports tool",10+ pages,Pillar links to Series; Series cross-links to white_label_seo; all pages link to live demo CTA,免费试用,N,P0,Week 1,Rank tracking feature page organic clicks > 200/month,词库最高可执行词：agency rank tracking 4200月搜、SERP✅弱、KD3；seo reporting tools 3900月搜；覆盖产品核心用例
seo_for_saas,SEO for SaaS Companies & Startups,精修线,ICP Targeting,Audience Acquisition + Brand Positioning,SaaS SEO Strategy / Product-Led SEO,Learn a repeatable SEO framework designed for SaaS product and pricing page structures — not generic content site logic,SaaS-specific SEO accounting for trial/freemium funnel and product-led content patterns — what changes vs generic SEO guides,高,SEO for SaaS: The Complete Playbook for Product-Led Growth in 2026,{Topic} SEO for SaaS,"b2b saas seo, b2b saas seo agency, best saas seo agency, enterprise saas seo, enterprise seo saas, guide seo saas, how to improve seo for saas companies, saas seo, saas seo agencies, saas seo agency, saas seo company, saas seo consultant, saas seo consulting, saas seo consulting agencies, saas seo expert, saas seo firms, saas seo guide, saas seo marketing, saas seo marketing company, saas seo platform, saas seo service, saas seo services, saas seo strategies, saas seo strategy, saas seo tool, saas seo tools, seo agency for software companies, seo content for saas, seo for saas, seo for saas companies, seo for saas company, seo for saas startups, seo marketing for saas companies, seo marketing saas, seo saas, seo saas software, seo saas tools, seo strategy for saas, software for seo agencies, software ranking tools for an seo/web agency, technical seo for saas",8+ pages,Pillar links to all Series; Series cross-links to startup_diy_seo and b2b_agency_seo; free consultation CTA,免费咨询,N,P0,Week 2,SaaS SEO cluster organic clicks > 200/month,核心ICP词簇；saas seo 2400月搜；seo for saas 1600月搜；精修线建立对SaaS增长痛点的专业壁垒
ethical_organic_seo,Ethical & Organic SEO Services,精修线,Brand Positioning,Differentiation,Ethical SEO / White-Hat SEO Practice,Find an SEO approach that compounds without algorithm penalty risk,Ethical SEO methodology vs black-hat shortcuts — long-term compounding returns vs short-term spikes that reset at next algorithm update,高,Ethical SEO: The Complete Guide to Sustainable Organic Growth (Without Algorithm Risk),Ethical {SEO Practice} Guide,"cost effective seo services, ethical seo, ethical seo agency, ethical seo company, ethical seo company usa, ethical seo consulting, ethical seo services, free seo company, organic seo service, organic seo services, organic seo services company, seo éthique",5+ pages,Pillar links to Series; cross-links to seo_for_saas and technical_seo_audit; consultation CTA,免费咨询,N,P1,Week 2,Brand keyword impressions > 500/month + consultation requests > 5/month,品牌定位词簇；organic seo services 2200月搜；ethical seo 900月搜、KD5、SERP✅弱；定义产品与黑帽服务商的差异
ai_seo_automation,AI SEO & Content Automation,精修线,Product Feature + Trend,Core Product Feature + Trend Positioning,AI SEO Tool / Content Automation Platform,Automate repetitive SEO tasks and scale content production without proportional headcount increase,AI SEO automation that handles audit + report generation vs manual workflows — what gets automated vs what still needs human judgment,高,Best AI SEO Tools in 2026: What's Actually Automated vs What Still Needs Humans,AI {SEO Task} Automation Guide,"ai content automation, all in one seo, auto seo, auto seo service, automate content, automate seo, automated ai seo, automated content creation, automated content generation, automated content marketing, automated seo, automated seo tools, automatic seo, automating seo, automation for seo, automation seo, best ai seo content generator software, best ai seo tool, best ai seo tools, best ai seo tools 2024, best ai tools for seo, best automated seo software, best automated seo tools, best seo automation software, best seo automation tools, content automation, content automation platform, content automation seo, content automation tools, content creation automation, content marketing automation, content marketing automation tools, security content automation protocol, seo automated, seo automation, seo automation platform, seo automation software free, seo automation tools, spellmistake seo tools",8+ pages,Pillar links to tool-specific Series; cross-links to agency_rank_tracking and white_label_seo,免费试用,N,P1,Week 3,AI SEO cluster organic clicks > 100/month + feature page signups > 20/month,AI定位关键集群；best ai seo tools 1800月搜、SERP✅弱；seo automation 2600月搜；agency seo software 2300月搜、可生产；AI自动化是产品核心差异化点
technical_seo_audit,Technical SEO Audit & Checklist,量产线,Service / Lead Generation,Lead Generation Tool,Technical SEO Audit / Site Audit Report,Run a comprehensive technical SEO audit to identify and fix crawl/indexation/performance issues with a priority action list,Actionable technical SEO audit checklist prioritized by ranking impact vs exhaustive 200-item lists that paralyze execution,高,Technical SEO Audit: The Priority-First Checklist for 2026 (What Moves Rankings First),{Site Type} Technical SEO Audit Guide,"add seo to html, affordable seo audit services, app seo, basic seo audit, best on page seo analysis tools, best seo app, best seo audit software, comprehensive website audit, content audit tool, content auditing software, developer seo, ecommerce seo audit, ecommerce seo audit services, ecommerce seo site audit, ecommerce site audit, enterprise website seo audit report, gmb scraper, google maps scrapper, how to add seo keywords in html, how to audit a website, how to audit your website, how to conduct a technical seo site audit, how to conduct a website audit, how to do a site audit, how to do a technical seo audit, how to do a technical site audit, how to do a website audit, how to perform a technical seo audit, html seo, international seo audit, local seo audit, local seo audit free, local seo audit report, local seo audit tools, meta tag keywords seo, meta tags seo best practices, mobile app seo tools, professional seo audit services, saas technical seo, se ranking website audit, search engine optimisation site audit, semrush site audit tool, seo app, seo audit api, seo audit checklist, seo audit companies, seo audit company, seo audit experts, seo audit guide, seo audit price, seo audit proposal, seo audit service company, seo audit service seo audit company, seo audit services, seo audit wordpress, seo auditing services, seo audits services, seo checklist for new website, seo checklist for new websites, seo code, seo coding, seo content audit, seo developer, seo for html website, seo for web designers, seo html, seo html code, seo in html, seo in html code, seo source code, seo technical audit checklist, seo technical audit moz, seo technical audit service, seo technical audit services, seo web design, seo webdesign, strategic site audit, tag optimization, technical seo audit checklist, technical seo audit consultant, technical seo audit service, technical seo audit services, technical seo audit template, technical seo audits, technical site audit guide seo, url optimization, web design with seo, web designing and seo, webdesign seo, webris technical seo audit, website auditing services, what is a technical audit for seo website, what is a technical seo audit, what is seo audit, what is technical seo audit, what is website audit, wordpress seo audit",10+ pages,Pillar links to all audit Series; Series cross-links to agency_rank_tracking; free audit tool CTA,免费审计,N,P1,Week 3,Free audit tool usage > 30/month,工具型词簇；seo audit checklist 3100月搜；local seo audit 2000月搜、SERP✅弱；可直接导流到免费审计产品功能
startup_diy_seo,Startup & DIY SEO,量产线,Audience Education,Top-of-Funnel Acquisition,DIY SEO / Startup SEO Strategy,Learn how to do SEO for a startup or early-stage product without an agency budget or team,Startup SEO focused on budget constraints and fastest-path-to-first-ranking vs enterprise playbooks that assume a 10-person SEO team,高,Startup SEO: The No-Agency Playbook for Your First 1000 Organic Visitors,How to {SEO Task} as a Startup,"blog posts seo, diy seo, diy seo course, diy seo courses, diy seo optimization, diy seo software, diy seo tips, do it yourself seo, do it yourself seo guide, do it yourself seo tools, do seo yourself, free seo consultation, how to do seo yourself, how to learn seo content writing, how to write a blog article for seo, how to write blogs for seo, new website seo, new website seo strategy, self seo, seo basics for small business, seo diy, seo diy guide, seo for articles, seo for blog, seo for bloggers, seo for business owners, seo for startup, seo for startup business, seo for startups, seo guide for small business, seo guide google, seo new website, seo starter package, seo startup, seo startup companies, seo startups, small business seo software, small business seo tools, startup seo, startup seo consultant, startup seo services, teach yourself seo",8+ pages,Pillar links to all how-to Series; cross-links to seo_for_saas; free trial CTA,免费试用,N,P2,Week 4,Startup SEO cluster organic signups > 15/month,TOFU词簇；diy seo 1600月搜；startup seo 900月搜；免费试用转化漏斗最上游入口
b2b_agency_seo,B2B & Technology Company SEO,精修线,ICP Targeting,Audience Acquisition + Demo Conversion,B2B SEO / Technology Company SEO Strategy,Build an SEO strategy that generates qualified B2B leads rather than high-volume low-intent traffic,B2B SEO intent architecture vs consumer SEO volume chasing — aligning content clusters to buyer journey stages in long B2B sales cycles,高,B2B SEO Strategy: How to Build Organic Lead Generation for Technology Companies in 2026,B2B {Topic} SEO Guide,"b2b seo, best b2b seo, best b2b seo companies, best enterprise seo software, best platform for seo for b2b, best seo company for b2b, best seo management software, best seo software for agencies free trial, best seo tools for agencies, best tools for seo agencies, best tools for seo agency, best tools for seo for b2b, corporate seo, enterprise seo and marketing platform, enterprise seo software tools, enterprise seo workflows automation, how to start a seo consulting business, how to start seo agency, seo agencies for saas, seo agency for saas, seo agency for saas companies, seo agency management software, seo campaign management software, seo company for saas, seo company management software, seo consultant for saas, seo consulting for saas companies, seo for b2b saas, seo for technology companies, seo management software for agencies, seo outreach agency, seo platform for agencies, seo software for agency, seo software for an agency, seo tool for agencies, seo tools for agencies, seo tools for digital agencies, seo tools for seo agencies",8+ pages,Pillar links to Series; cross-links to seo_for_saas and agency_rank_tracking; demo CTA,预约演示,N,P2,Week 4,Demo requests from B2B SEO cluster > 5/month,高意图ICP词；b2b seo 3400月搜；seo enterprise tools 1100月搜、KD17、SERP✅弱、可生产；精修线配demo CTA
seo_tools_comparison,Affordable SEO Tools Comparison,量产线,Competitive,Conversion + Competitive Positioning,Affordable SEO Software / All-in-One SEO Tool,Find an SEO platform that fits agency or startup budget without enterprise pricing or feature lock-in,Affordable SEO tools with agency-grade features vs enterprise platforms charging 10x for the same core capability,高,Best Affordable SEO Tools for Agencies and Startups in 2026 (Ranked by Feature/Price),{Tool} vs {Tool}: Which SEO Platform Fits Your Budget,"advanced seo tools, affordable seo software, affordable seo tools, agencies seo platform, agency seo platform, agency seo software, all in one seo, all in one seo for wordpress, all in one seo google analytics, all in one seo keywords, all in one seo pack free, all in one seo software with recommendations, all in one seo tools, all in one seo woocommerce, all seo software, best all in one seo software, best all in one seo tool, best all in one seo tools, best cheap seo tools, best content optimization tools, best free seo tools for bloggers, best platform for seo, best seo marketing software, best seo paid tools, best seo software for mac, best seo software review, best seo suite, best seo tool for b2b, best seo tools 2021, best seo tools for ecommerce, best seo tools for small businesses, best seo tracking software, best website seo software, brand management with moz pro, bulk keyword search volume, bulk keyword volume, bulk keyword volume checker, bulk search volume, bulk search volume checker, business seo platform, cheap seo, cheapest seo tools, commercial intent keyword tool, commercial intent tool, content optimization tools, content optimizer tool, domain overview, free seo software mac, good seo software, keyword tool bulk, learn about moz pro, lsi keywords generator, lsi keywords software, mac seo tool, moz, moz benefits, moz create account, moz create an account, moz email marketing, moz et stat, moz for ppc, moz integration, moz marketing software, moz pricing, moz pro campaign, moz pro campaigns, moz pro cost, moz pro features, moz pro logo, moz pro medium, moz pro pricing, moz pro subscription, moz pro trial, moz seo platform, moz seo pricing, moz seo software, moz signup, moz to google docs, moz trial, moz., multi user seo software, new seo platform, organic search tools, otto seo, powerful seo, scalable seo platform, scalable seo software, screamingfrog alternative, se ranking price, se ranking prices, search atlas, semrush alternative free, seo competitor research tool, seo content optimization tools, seo diagrams, seo platform cloud, seo platform comparison, seo platform demo, seo platform for enterprises, seo platform reviews, seo software agencies, seo software analytics, seo software enterprise, seo software for small business, seo software free download full version with crack, seo software price, seo software reviews 2011, seo software tools list, seo submission software, seo tool comparison, seo tool for mac, seo tool mac, seo toolkit, seo tools comparison, seo tools for mac, seoptimer, seranking pricing, seranking what is moz ranking, serankings, sitechecker, the best seo tools for beginner marketers, top 10 seo tools, top 5 free seo tools, what is moz, what is moz in seo, what is moz pro, what is moz tool, what is moz?, what is the best seo tool",10+ pages,Pillar links to comparison Series; cross-links to white_label_seo and ai_seo_automation; free trial CTA,免费试用,N,P2,Week 5,Comparison page CTR to free trial > 5%,转化型词簇；serankings 1400月搜、弱度4；affordable seo tools 900月搜、KD15、SERP✅弱；直接命中竞品替代搜索意图
social_link_building,Social Signals & Link Building,量产线,Educational,Topic Authority,Social Bookmarking / Backlink Monitor / Web 2.0,Understand and implement white-hat link building and social signal strategies at scale,White-hat link building methods via social platforms and Web 2.0 sites vs link schemes that trigger penalty risk,中,White-Hat Link Building in 2026: Social Signals and Backlink Monitoring Without the Risk,{Method} Link Building Strategy Guide,"best press release sites, bookmarking sites examples, free press release submission sites, free social bookmarking sites list, how to outsource link building, like reddit, link building outsourcing, online pr tools, outsource link building services, outsourced link building, press release submission sites list, sites like reddit, social bookmarking sites, top 100 social bookmarking sites, top 50 social bookmarking sites list, web 2.0 blogs, web 2.0 list, web 2.0 listing, web 2.0 sites, web 2.0 sites list, web 2.0 websites, websites like reddit, why use a backlink monitor tool",6+ pages,Pillar links to method Series; cross-links to ethical_organic_seo,免费试用,N,P3,Week 6,Social link building cluster impressions > 500/month,辅助词簇；social bookmarking类词KD极低（0-6）、SERP极弱；建立topical authority覆盖外链策略话题
social_media_seo_tools,Social Media SEO Tools,量产线,Product Extension,Feature Discovery,Instagram SEO Tool / TikTok SEO Tool,Optimize social media content for search discoverability on Instagram and TikTok,Platform-native SEO for Instagram and TikTok vs treating social as separate from search strategy — how discovery algorithms share logic with Google,中,Social Media SEO: How to Optimize Instagram and TikTok Content for Search Discovery,{Platform} SEO Optimization Guide,"instagram seo generator, instagram seo tool, instagram seo tools, seo tool for tiktok, sistrix hashtag generator, tiktok seo tool, tiktok seo tool free",3+ pages,Pillar links to platform Series; cross-links to ai_seo_automation,免费试用,N,P3,Week 7,Social SEO cluster impressions > 200/month,产品延伸词簇；tiktok seo tool 500月搜、SERP✅弱；instagram seo tools 100月搜、可生产；竞争极低利于快速建立排名
