关键词,来源,月搜索量,KD,CPC($),Trends比值,Top10最低2站DR均值,SERP弱度,自有站DR,DR差值,G1话题相关,G2可承接,意图,DR过滤,分桶_自动,手动分桶,调整原因,分桶,AIO预判,AIO风险,排序权重,内容状态,发布URL,备注
birth chart calculator,种子词拓展,90000,0,0.45,,38,❌强,0,38,✅相关,,待确认,❌跳过,❌跳过,,,❌跳过,,,1,,,
astro seek,种子词拓展,38000,0,0.09,,88,✅弱,0,88,✅相关,Y,待确认,❌跳过,❌跳过,⚡快速胜利,top10页面5个论坛内容，且kd为0，流量极高，有冲击的必要,⚡快速胜利★,,,3,,,
cafe astrology,种子词拓展,29000,21,0.1,,35,✅弱,0,35,✅相关,,待确认,❌跳过,❌跳过,,,❌跳过,,,3,,,
vedic astrology,竞品映射,15000,39,0.6,,16,✅弱,0,16,✅相关,,待确认,✅通过,📌长尾词,,,📌长尾词,,,3,,,
persephone goddess,竞品映射,12000,18,0.02,,71,⚠️中,0,71,✅相关,,待确认,❌跳过,❌跳过,⚡快速胜利,,⚡快速胜利★,,,2,,,
vedic astrology chart,竞品映射,10000,17,0.5,,53,⚠️中,0,53,✅相关,,待确认,❌跳过,❌跳过,,,❌跳过,,,2,,,
aura color meaning,竞品映射,9400,12,0.02,,64,❌强,0,64,✅相关,,待确认,❌跳过,❌跳过,,,❌跳过,⚠️疑似高风险,,1,,,
aura colors,竞品映射,9100,0,0.03,,74,✅弱,0,74,✅相关,,待确认,❌跳过,❌跳过,⚡快速胜利,有多个blog页面，且前三名都为DR差距30以内的blog页面,⚡快速胜利★,,,3,,,
blue aura meaning,竞品映射,8000,0,0.02,,53,✅弱,0,53,✅相关,,待确认,❌跳过,❌跳过,⚡快速胜利,,⚡快速胜利★,⚠️疑似高风险,,3,,,
crown chakra,竞品映射,7800,19,0.06,,55,⚠️中,0,55,✅相关,,待确认,❌跳过,❌跳过,⚡快速胜利,,⚡快速胜利★,,,2,,,
yellow aura meaning,竞品映射,7400,0,0.02,,63,✅弱,0,63,✅相关,,待确认,❌跳过,❌跳过,⚡快速胜利,以aura colors为主blog，创作颜色系列,⚡快速胜利★,⚠️疑似高风险,,3,,,
purple aura,竞品映射,7300,3,0.02,,18,✅弱,0,18,✅相关,,待确认,✅通过,⚡快速胜利,,,⚡快速胜利,,,3,,,
9th house astrology,竞品映射,7000,19,0.03,,29,✅弱,0,29,✅相关,,待确认,✅通过,⚡快速胜利,,,⚡快速胜利,,,3,,,
ascendant,竞品映射,6900,29,0.06,,31,⚠️中,0,31,✅相关,,待确认,❌跳过,❌跳过,,,❌跳过,,,2,,,
8th house astrology,竞品映射,6900,22,0.03,,27,✅弱,0,27,✅相关,,待确认,✅通过,📌长尾词,,,📌长尾词,,,3,,,
white aura meaning,竞品映射,6600,0,0.01,,14,✅弱,0,14,✅相关,,待确认,✅通过,⚡快速胜利,,,⚡快速胜利,⚠️疑似高风险,,3,,,
yellow aura,竞品映射,6600,0,0.02,,18,✅弱,0,18,✅相关,,待确认,✅通过,⚡快速胜利,,,⚡快速胜利,,,3,,,
green aura,竞品映射,6000,3,0.02,,20,✅弱,0,20,✅相关,,待确认,✅通过,⚡快速胜利,,,⚡快速胜利,,,3,,,
purple aura meaning,竞品映射,5900,0,0.02,,18,✅弱,0,18,✅相关,,待确认,✅通过,⚡快速胜利,,,⚡快速胜利,⚠️疑似高风险,,3,,,
green aura meaning,竞品映射,5900,2,0.01,,18,✅弱,0,18,✅相关,,待确认,✅通过,⚡快速胜利,,,⚡快速胜利,⚠️疑似高风险,,3,,,
solar return chart,竞品映射,5800,5,0.06,,15,⚠️中,0,15,✅相关,,待确认,✅通过,⚡快速胜利,,,⚡快速胜利,,,2,,,
blue node,竞品映射,5700,0,0.01,,31,❌强,0,31,✅相关,,待确认,❌跳过,❌跳过,,,❌跳过,,,1,,,
north node,竞品映射,5600,34,0.07,,31,❌强,0,31,✅相关,,待确认,❌跳过,❌跳过,,,❌跳过,,,1,,,
orange aura meaning,竞品映射,5300,0,0.02,,18,✅弱,0,18,✅相关,,待确认,✅通过,⚡快速胜利,,,⚡快速胜利,⚠️疑似高风险,,3,,,
13th zodiac sign,竞品映射,5300,19,0.02,,40,❌强,0,40,✅相关,,待确认,❌跳过,❌跳过,,,❌跳过,,,1,,,
astro seek transit chart calculator,种子词拓展,5200,37,0.1,,74,❌强,0,74,✅相关,,待确认,❌跳过,❌跳过,,,❌跳过,,,1,,,
12th house astrology,竞品映射,4800,22,0.04,,40,❌强,0,40,✅相关,,待确认,❌跳过,❌跳过,,,❌跳过,,,1,,,
free astrocartography chart,竞品映射,4700,20,0.08,,7,❌强,0,7,✅相关,,待确认,✅通过,📌长尾词,,,📌长尾词,,,1,,,
ophiuchus zodiac,竞品映射,4700,17,0.02,,41,❌强,0,41,✅相关,,待确认,❌跳过,❌跳过,,,❌跳过,,,1,,,
red aura meaning,竞品映射,4600,0,0.02,,18,✅弱,0,18,✅相关,,待确认,✅通过,⚡快速胜利,,,⚡快速胜利,⚠️疑似高风险,,3,,,
orange aura,竞品映射,4500,0,0.02,,18,✅弱,0,18,✅相关,,待确认,✅通过,⚡快速胜利,,,⚡快速胜利,,,3,,,
north node calculator,竞品映射,4500,24,0.02,,6,❌强,0,6,✅相关,,待确认,✅通过,📌长尾词,,,📌长尾词,,,1,,,
highly sensitive person test,种子词拓展,4300,23,0.4,,40,❌强,0,40,✅相关,,待确认,❌跳过,❌跳过,,,❌跳过,,,1,,,
solar return,竞品映射,4300,22,0.08,,18,❌强,0,18,✅相关,,待确认,✅通过,📌长尾词,,,📌长尾词,,,1,,,
free birth chart calculator,种子词拓展,4300,73,0.07,,43,❌强,0,43,✅相关,,待确认,❌跳过,❌跳过,,,❌跳过,,,1,,,
transit chart,竞品映射,4100,22,0.06,,12,⚠️中,0,12,✅相关,,待确认,✅通过,📌长尾词,,,📌长尾词,,,2,,,
red aura,竞品映射,4000,0,0.02,,19,✅弱,0,19,✅相关,,待确认,✅通过,⚡快速胜利,,,⚡快速胜利,,,3,,,
saturn in pisces,竞品映射,3900,6,0.02,,23,✅弱,0,23,✅相关,,待确认,✅通过,⚡快速胜利,,,⚡快速胜利,,,3,,,
white aura,竞品映射,3600,0,0.02,,14,✅弱,0,14,✅相关,,待确认,✅通过,⚡快速胜利,,,⚡快速胜利,,,3,,,
vedic astrology calculator,竞品映射,3600,24,0.03,,6,✅弱,0,6,✅相关,,待确认,✅通过,📌长尾词,,,📌长尾词,,,3,,,
what color is my aura,竞品映射,3500,2,0.03,,22,❌强,0,22,✅相关,,待确认,✅通过,⚡快速胜利,,,⚡快速胜利,,,1,,,
hasta,竞品映射,3100,7,0.05,,37,❌强,0,37,✅相关,,待确认,❌跳过,❌跳过,,,❌跳过,,,1,,,
aura reading,竞品映射,3000,4,0.8,,27,✅弱,0,27,✅相关,,待确认,✅通过,⚡快速胜利,,,⚡快速胜利,,,3,,,
nakshatra,竞品映射,2900,3,0.04,,8,✅弱,0,8,✅相关,,待确认,✅通过,⚡快速胜利,,,⚡快速胜利,,,3,,,
root chakra meaning,竞品映射,2900,17,0.03,,28,⚠️中,0,28,✅相关,,待确认,✅通过,⚡快速胜利,,,⚡快速胜利,⚠️疑似高风险,,2,,,
vedic astrology birth chart,竞品映射,2900,23,0.6,,15,⚠️中,0,15,✅相关,,待确认,✅通过,📌长尾词,,,📌长尾词,,,2,,,
vedic birth chart,竞品映射,2700,22,0.15,,16,⚠️中,0,16,✅相关,,待确认,✅通过,📌长尾词,,,📌长尾词,,,2,,,
astrology birth chart calculator,种子词拓展,2700,71,0.35,,38,❌强,0,38,✅相关,,待确认,❌跳过,❌跳过,,,❌跳过,,,1,,,
8th house,竞品映射,2700,22,0.04,,27,✅弱,0,27,✅相关,,待确认,✅通过,📌长尾词,,,📌长尾词,,,3,,,
sidereal chart,竞品映射,2600,32,0.08,,14,⚠️中,0,14,✅相关,,待确认,✅通过,📌长尾词,,,📌长尾词,,,2,,,
12th house,内容缺口,2600,21,0.06,,24,⚠️中,0,24,✅相关,,待确认,✅通过,📌长尾词,,,📌长尾词,,,2,,,
black moon lilith,竞品映射,2400,22,0.04,,24,✅弱,0,24,✅相关,,待确认,✅通过,📌长尾词,,,📌长尾词,,,3,,,
south node,竞品映射,2400,12,0.05,,13,✅弱,0,13,✅相关,,待确认,✅通过,⚡快速胜利,,,⚡快速胜利,,,3,,,
11th house,竞品映射,2400,17,0.02,,28,✅弱,0,28,✅相关,,待确认,✅通过,⚡快速胜利,,,⚡快速胜利,,,3,,,
persephone meaning,竞品映射,2400,2,0.02,,39,❌强,0,39,✅相关,,待确认,❌跳过,❌跳过,,,❌跳过,⚠️疑似高风险,,1,,,
birth chart calculator free,种子词拓展,2300,70,0.07,,39,✅弱,0,39,✅相关,,待确认,❌跳过,❌跳过,,,❌跳过,,,3,,,
vedic astrology birth chart calculator,种子词拓展,2100,38,0.02,,6,✅弱,0,6,✅相关,,待确认,✅通过,📌长尾词,,,📌长尾词,,,3,,,
13 zodiac signs,竞品映射,2100,26,0.02,,34,❌强,0,34,✅相关,,待确认,❌跳过,❌跳过,,,❌跳过,,,1,,,
astro-seek birth chart calculator,种子词拓展,2100,74,,,72,❌强,0,72,✅相关,,待确认,❌跳过,❌跳过,,,❌跳过,,,1,,,
vedic chart,竞品映射,2100,23,0.02,,7,✅弱,0,7,✅相关,,待确认,✅通过,📌长尾词,,,📌长尾词,,,3,,,
crown chakra meaning,竞品映射,2000,10,0.02,,12,✅弱,0,12,✅相关,,待确认,✅通过,⚡快速胜利,,,⚡快速胜利,⚠️疑似高风险,,3,,,
moon rising,竞品映射,2000,75,0.1,,29,❌强,0,29,✅相关,,待确认,✅通过,📌长尾词,,,📌长尾词,,,1,,,
vedic chart calculator,竞品映射,1900,22,0.03,,4,✅弱,0,4,✅相关,,待确认,✅通过,📌长尾词,,,📌长尾词,,,3,,,
what does a blue aura mean,竞品映射,1900,0,0.02,,26,⚠️中,0,26,✅相关,,待确认,✅通过,⚡快速胜利,,,⚡快速胜利,,,2,,,
ajna chakra,竞品映射,1900,10,0.07,,13,⚠️中,0,13,✅相关,,待确认,✅通过,⚡快速胜利,,,⚡快速胜利,,,2,,,
13th zodiac,竞品映射,1800,17,0.04,,26,⚠️中,0,26,✅相关,,待确认,✅通过,⚡快速胜利,,,⚡快速胜利,,,2,,,
north node in scorpio,竞品映射,1800,0,0.09,,15,✅弱,0,15,✅相关,,待确认,✅通过,⚡快速胜利,,,⚡快速胜利,,,3,,,
astro seek birth chart calculator,种子词拓展,1800,73,0.9,,72,⚠️中,0,72,✅相关,,待确认,❌跳过,❌跳过,,,❌跳过,,,2,,,
saturn in aries 2025,竞品映射,1700,13,0.02,,24,❌强,0,24,✅相关,,待确认,✅通过,⚡快速胜利,,,⚡快速胜利,,,1,,,
sidereal birth chart,竞品映射,1600,23,0.7,,18,⚠️中,0,18,✅相关,,待确认,✅通过,📌长尾词,,,📌长尾词,,,2,,,
vedic astrology birth chart calculator online,种子词拓展,1600,,,,,,,待填,✅相关,,待确认,待填,📌长尾词,,,📌长尾词,,,1,,,
what does a white aura mean,竞品映射,1600,0,0.02,,22,✅弱,0,22,✅相关,,待确认,✅通过,⚡快速胜利,,,⚡快速胜利,,,3,,,
malefic,竞品映射,1600,5,0.15,,45,❌强,0,45,✅相关,,待确认,❌跳过,❌跳过,,,❌跳过,,,1,,,
sacral chakra meaning,竞品映射,1600,17,0.03,,30,⚠️中,0,30,✅相关,,待确认,✅通过,⚡快速胜利,,,⚡快速胜利,⚠️疑似高风险,,2,,,
vedic astrology chart calculator,竞品映射,1600,34,0.02,,4,✅弱,0,4,✅相关,,待确认,✅通过,📌长尾词,,,📌长尾词,,,3,,,
astro-seek birth chart calculator url parameters,种子词拓展,1600,,,,,,,待填,✅相关,,待确认,待填,📌长尾词,,,📌长尾词,,,1,,,
what does a green aura mean,竞品映射,1500,2,0.01,,11,✅弱,0,11,✅相关,,待确认,✅通过,⚡快速胜利,,,⚡快速胜利,,,3,,,
what is my north node,竞品映射,1500,30,0.02,,10,✅弱,0,10,✅相关,,Informational,✅通过,📌长尾词,,,📌长尾词,⚠️疑似高风险,,3,,,
light blue aura meaning,竞品映射,1500,0,0.02,,20,✅弱,0,20,✅相关,,待确认,✅通过,⚡快速胜利,,,⚡快速胜利,⚠️疑似高风险,,3,,,
astro-seek,种子词拓展,1500,0,3.5,,28,⚠️中,0,28,✅相关,,待确认,✅通过,⚡快速胜利,,,⚡快速胜利,,,2,,,
north node in taurus,竞品映射,1400,0,0.2,,15,✅弱,0,15,✅相关,,待确认,✅通过,⚡快速胜利,,,⚡快速胜利,,,3,,,
composite chart calculator,竞品映射,1400,12,0.2,,25,✅弱,0,25,✅相关,,待确认,✅通过,⚡快速胜利,,,⚡快速胜利,,,3,,,
aura quiz,竞品映射,1300,4,0.08,,20,⚠️中,0,20,✅相关,,待确认,✅通过,⚡快速胜利,,,⚡快速胜利,,,2,,,
astrocartography chart calculator,竞品映射,1300,30,0.07,,7,❌强,0,7,✅相关,,待确认,✅通过,📌长尾词,,,📌长尾词,,,1,,,
what is career transition planning,种子词拓展,1300,7,,,57,❌强,0,57,✅相关,,Informational,❌跳过,❌跳过,,,❌跳过,⚠️疑似高风险,,1,,,
spirit animal chart,竞品映射,1300,4,0.1,,13,✅弱,0,13,✅相关,,待确认,✅通过,⚡快速胜利,,,⚡快速胜利,,,3,,,
aura colors meaning,竞品映射,1300,1,0.02,,32,✅弱,0,32,✅相关,,待确认,❌跳过,❌跳过,,,❌跳过,⚠️疑似高风险,,3,,,
astro.com birth chart calculator,种子词拓展,1300,59,0.8,,16,⚠️中,0,16,✅相关,,待确认,✅通过,📌长尾词,,,📌长尾词,,,2,,,
what does a purple aura mean,竞品映射,1300,3,0.02,,19,✅弱,0,19,✅相关,,待确认,✅通过,⚡快速胜利,,,⚡快速胜利,,,3,,,
what does red aura mean,竞品映射,1200,0,0.01,,19,✅弱,0,19,✅相关,,待确认,✅通过,⚡快速胜利,,,⚡快速胜利,,,3,,,
vedic birth chart calculator online free,种子词拓展,1200,,,,,,,待填,✅相关,,待确认,待填,📌长尾词,,,📌长尾词,,,1,,,
north node in gemini,竞品映射,1200,0,0.09,,11,✅弱,0,11,✅相关,,待确认,✅通过,⚡快速胜利,,,⚡快速胜利,,,3,,,
aura test,竞品映射,1200,0,0.15,,2,⚠️中,0,2,✅相关,,待确认,✅通过,⚡快速胜利,,,⚡快速胜利,,,2,,,
vedic birth chart calculator,种子词拓展,1200,39,0.05,,6,✅弱,0,6,✅相关,,待确认,✅通过,📌长尾词,,,📌长尾词,,,3,,,
free vedic birth chart with interpretation,竞品映射,1200,24,0.06,,5,✅弱,0,5,✅相关,,待确认,✅通过,📌长尾词,,,📌长尾词,,,3,,,
ashlesha nakshatra,竞品映射,1200,0,0.08,,14,✅弱,0,14,✅相关,,待确认,✅通过,⚡快速胜利,,,⚡快速胜利,,,3,,,
birth chart compatibility calculator,种子词拓展,1200,30,0.15,,21,✅弱,0,21,✅相关,,待确认,✅通过,📌长尾词,,,📌长尾词,,,3,,,
rohini nakshatra,竞品映射,1100,0,0.06,,14,✅弱,0,14,✅相关,,待确认,✅通过,⚡快速胜利,,,⚡快速胜利,,,3,,,
miami dade transit bus tracker,种子词拓展,1100,9,1.3,,25,❌强,0,25,✅相关,,待确认,✅通过,⚡快速胜利,,,⚡快速胜利,,,1,,,
birth chart calculator online,种子词拓展,1100,75,0.1,,25,✅弱,0,25,✅相关,,待确认,✅通过,📌长尾词,,,📌长尾词,,,3,,,
astro seek synastry,种子词拓展,1100,39,0.09,,74,⚠️中,0,74,✅相关,,待确认,❌跳过,❌跳过,,,❌跳过,,,2,,,
what is the 12th house in astrology,竞品映射,1100,23,0.02,,41,⚠️中,0,41,✅相关,,Informational,❌跳过,❌跳过,,,❌跳过,⚠️疑似高风险,,2,,,
pushya nakshatra,竞品映射,1100,0,0.06,,9,✅弱,0,9,✅相关,,待确认,✅通过,⚡快速胜利,,,⚡快速胜利,,,3,,,
what does green aura mean,竞品映射,1100,3,0.01,,20,✅弱,0,20,✅相关,,待确认,✅通过,⚡快速胜利,,,⚡快速胜利,,,3,,,
ardra nakshatra,竞品映射,1100,0,0.04,,27,⚠️中,0,27,✅相关,,待确认,✅通过,⚡快速胜利,,,⚡快速胜利,,,2,,,
anuradha nakshatra,竞品映射,1100,1,0.15,,9,✅弱,0,9,✅相关,,待确认,✅通过,⚡快速胜利,,,⚡快速胜利,,,3,,,
bharani nakshatra,竞品映射,1000,0,0.09,,12,✅弱,0,12,✅相关,,待确认,✅通过,⚡快速胜利,,,⚡快速胜利,,,3,,,
what is my aura,竞品映射,1000,4,0.03,,22,⚠️中,0,22,✅相关,,Informational,✅通过,⚡快速胜利,,,⚡快速胜利,⚠️疑似高风险,,2,,,
what does blue aura mean,竞品映射,1000,0,0.01,,18,✅弱,0,18,✅相关,,待确认,✅通过,⚡快速胜利,,,⚡快速胜利,,,3,,,
8th house meaning,竞品映射,1000,16,0.02,,27,✅弱,0,27,✅相关,,待确认,✅通过,⚡快速胜利,,,⚡快速胜利,⚠️疑似高风险,,3,,,
astrology birth chart calculator online free,种子词拓展,1000,,,,,,,待填,✅相关,,待确认,待填,📌长尾词,,,📌长尾词,,,1,,,
what is the 13th zodiac sign,竞品映射,1000,12,0.01,,34,✅弱,0,34,✅相关,,Informational,❌跳过,❌跳过,,,❌跳过,⚠️疑似高风险,,3,,,
revati nakshatra,竞品映射,1000,0,0.05,,9,✅弱,0,9,✅相关,,待确认,✅通过,⚡快速胜利,,,⚡快速胜利,,,3,,,
first house,竞品映射,1000,22,0.08,,24,⚠️中,0,24,✅相关,,待确认,✅通过,📌长尾词,,,📌长尾词,,,2,,,
dhanishta nakshatra,竞品映射,1000,1,0.1,,14,✅弱,0,14,✅相关,,待确认,✅通过,⚡快速胜利,,,⚡快速胜利,,,3,,,
magha nakshatra,竞品映射,1000,1,0.1,,22,✅弱,0,22,✅相关,,待确认,✅通过,⚡快速胜利,,,⚡快速胜利,,,3,,,
astro seek natal chart,种子词拓展,1000,0,0.08,,31,✅弱,0,31,✅相关,,待确认,❌跳过,❌跳过,,,❌跳过,,,3,,,
neptune in pisces,竞品映射,1000,1,0.07,,9,✅弱,0,9,✅相关,,待确认,✅通过,⚡快速胜利,,,⚡快速胜利,,,3,,,
north node meaning,竞品映射,1000,35,0.02,,15,✅弱,0,15,✅相关,,待确认,✅通过,📌长尾词,,,📌长尾词,⚠️疑似高风险,,3,,,
punarvasu nakshatra,竞品映射,1000,0,0.09,,13,✅弱,0,13,✅相关,,待确认,✅通过,⚡快速胜利,,,⚡快速胜利,,,3,,,
free vedic birth chart calculator online,种子词拓展,900,,,,,,,待填,✅相关,,待确认,待填,📌长尾词,,,📌长尾词,,,1,,,
hasta nakshatra,竞品映射,900,1,0.07,,14,✅弱,0,14,✅相关,,待确认,✅通过,⚡快速胜利,,,⚡快速胜利,,,3,,,
krittika nakshatra,竞品映射,900,0,0.04,,22,✅弱,0,22,✅相关,,待确认,✅通过,⚡快速胜利,,,⚡快速胜利,,,3,,,
ashwini nakshatra,竞品映射,900,0,,,9,✅弱,0,9,✅相关,,待确认,✅通过,⚡快速胜利,,,⚡快速胜利,,,3,,,
online birth chart calculator,种子词拓展,900,76,0.1,,41,⚠️中,0,41,✅相关,,待确认,❌跳过,❌跳过,,,❌跳过,,,2,,,
rahu and ketu,竞品映射,900,6,0.07,,7,✅弱,0,7,✅相关,,待确认,✅通过,⚡快速胜利,,,⚡快速胜利,,,3,,,
chitra nakshatra,竞品映射,900,0,0.07,,16,✅弱,0,16,✅相关,,待确认,✅通过,⚡快速胜利,,,⚡快速胜利,,,3,,,
south node calculator,竞品映射,900,28,0.02,,4,✅弱,0,4,✅相关,,待确认,✅通过,📌长尾词,,,📌长尾词,,,3,,,
miami-dade transit tracker,种子词拓展,900,39,1.2,,25,❌强,0,25,✅相关,,待确认,✅通过,📌长尾词,,,📌长尾词,,,1,,,
my juno sign,竞品映射,800,18,0.2,,22,⚠️中,0,22,✅相关,,待确认,✅通过,⚡快速胜利,,,⚡快速胜利,,,2,,,
sidereal birth chart calculator,种子词拓展,800,33,0.2,,6,✅弱,0,6,✅相关,,待确认,✅通过,📌长尾词,,,📌长尾词,,,3,,,
north node astrology,竞品映射,800,22,0.03,,17,✅弱,0,17,✅相关,,待确认,✅通过,📌长尾词,,,📌长尾词,,,3,,,
sextile astrology,竞品映射,800,14,0.08,,20,✅弱,0,20,✅相关,,待确认,✅通过,⚡快速胜利,,,⚡快速胜利,,,3,,,
what does a red aura mean,竞品映射,800,0,0.02,,18,✅弱,0,18,✅相关,,待确认,✅通过,⚡快速胜利,,,⚡快速胜利,,,3,,,
astrology ai,种子词拓展,800,40,0.8,,2,✅弱,0,2,✅相关,,待确认,✅通过,📌长尾词,,,📌长尾词,,,3,,,
what does yellow aura mean,竞品映射,800,0,0.02,,26,✅弱,0,26,✅相关,,待确认,✅通过,⚡快速胜利,,,⚡快速胜利,,,3,,,
highly sensitive person traits,种子词拓展,800,24,0.03,,32,⚠️中,0,32,✅相关,,待确认,❌跳过,❌跳过,,,❌跳过,,,2,,,
what does purple aura mean,竞品映射,800,0,0.02,,18,✅弱,0,18,✅相关,,待确认,✅通过,⚡快速胜利,,,⚡快速胜利,,,3,,,
swati nakshatra,竞品映射,800,1,,,22,✅弱,0,22,✅相关,,待确认,✅通过,⚡快速胜利,,,⚡快速胜利,,,3,,,
how to see your aura color,竞品映射,800,2,0.04,,17,✅弱,0,17,✅相关,,Informational,✅通过,⚡快速胜利,,,⚡快速胜利,,,3,,,
jyotish astrology,竞品映射,700,33,0.7,,7,⚠️中,0,7,✅相关,,待确认,✅通过,📌长尾词,,,📌长尾词,,,2,,,
uttara phalguni nakshatra,竞品映射,700,1,0.15,,14,✅弱,0,14,✅相关,,待确认,✅通过,⚡快速胜利,,,⚡快速胜利,,,3,,,
juno astrology,竞品映射,700,11,0.02,,14,✅弱,0,14,✅相关,,待确认,✅通过,⚡快速胜利,,,⚡快速胜利,,,3,,,
solar plexus chakra affirmations,竞品映射,700,0,0.03,,20,✅弱,0,20,✅相关,,待确认,✅通过,⚡快速胜利,,,⚡快速胜利,,,3,,,
what is my aura color,竞品映射,700,2,0.04,,22,✅弱,0,22,✅相关,,Informational,✅通过,⚡快速胜利,,,⚡快速胜利,⚠️疑似高风险,,3,,,
what does white aura mean,竞品映射,700,0,0.02,,27,✅弱,0,27,✅相关,,待确认,✅通过,⚡快速胜利,,,⚡快速胜利,,,3,,,
mrigashira nakshatra,竞品映射,700,0,0.25,,9,✅弱,0,9,✅相关,,待确认,✅通过,⚡快速胜利,,,⚡快速胜利,,,3,,,
when did saturn enter pisces,竞品映射,700,5,,,17,✅弱,0,17,✅相关,,待确认,✅通过,⚡快速胜利,,,⚡快速胜利,,,3,,,
astroseek birth chart calculator,种子词拓展,700,,,,,,,待填,✅相关,,待确认,待填,📌长尾词,,,📌长尾词,,,1,,,
purva phalguni nakshatra,竞品映射,700,1,0.06,,3,✅弱,0,3,✅相关,,待确认,✅通过,⚡快速胜利,,,⚡快速胜利,,,3,,,
sidereal chart calculator,竞品映射,700,25,0.04,,6,✅弱,0,6,✅相关,,待确认,✅通过,📌长尾词,,,📌长尾词,,,3,,,
free vedic astrology chart,竞品映射,700,40,0.03,,5,✅弱,0,5,✅相关,,待确认,✅通过,📌长尾词,,,📌长尾词,,,3,,,
south node symbol,竞品映射,700,16,0.05,,10,✅弱,0,10,✅相关,,待确认,✅通过,⚡快速胜利,,,⚡快速胜利,,,3,,,
color test personality,竞品映射,700,40,0.5,,11,❌强,0,11,✅相关,,待确认,✅通过,📌长尾词,,,📌长尾词,,,1,,,
mc in astrology,竞品映射,700,22,,,46,⚠️中,0,46,✅相关,,待确认,❌跳过,❌跳过,,,❌跳过,,,2,,,
highly sensitive person symptoms,种子词拓展,700,20,0.03,,65,⚠️中,0,65,✅相关,,待确认,❌跳过,❌跳过,,,❌跳过,,,2,,,
black lilith,竞品映射,600,24,0.04,,14,⚠️中,0,14,✅相关,,待确认,✅通过,📌长尾词,,,📌长尾词,,,2,,,
timepassages,种子词拓展,600,14,0.25,,74,⚠️中,0,74,✅相关,,待确认,❌跳过,❌跳过,,,❌跳过,,,2,,,
transit tracker,种子词拓展,600,25,0.35,,25,❌强,0,25,✅相关,,待确认,✅通过,📌长尾词,,,📌长尾词,,,1,,,
vedic astrology reading,竞品映射,600,22,0.8,,6,⚠️中,0,6,✅相关,,待确认,✅通过,📌长尾词,,,📌长尾词,,,2,,,
saturn in pisces dates,竞品映射,600,12,,,19,✅弱,0,19,✅相关,,待确认,✅通过,⚡快速胜利,,,⚡快速胜利,,,3,,,
ai astrology,种子词拓展,600,32,0.8,,0,⚠️中,0,0,✅相关,,待确认,✅通过,📌长尾词,,,📌长尾词,,,2,,,
how to find your aura color,竞品映射,600,2,0.03,,22,⚠️中,0,22,✅相关,,Informational,✅通过,⚡快速胜利,,,⚡快速胜利,,,2,,,
my aura,竞品映射,600,4,1.9,,17,⚠️中,0,17,✅相关,,待确认,✅通过,⚡快速胜利,,,⚡快速胜利,,,2,,,
natal birth chart calculator,种子词拓展,600,70,0.35,,40,⚠️中,0,40,✅相关,,待确认,❌跳过,❌跳过,,,❌跳过,,,2,,,
vedic birth chart calculator online,种子词拓展,600,,,,,,,待填,✅相关,,待确认,待填,📌长尾词,,,📌长尾词,,,1,,,
rahu mahadasha,竞品映射,600,0,0.02,,16,✅弱,0,16,✅相关,,待确认,✅通过,⚡快速胜利,,,⚡快速胜利,,,3,,,
cancer ascendant,内容缺口,600,12,0.02,,53,⚠️中,0,53,✅相关,,待确认,❌跳过,❌跳过,,,❌跳过,,,2,,,
sidereal natal chart,竞品映射,600,23,0.25,,5,✅弱,0,5,✅相关,,待确认,✅通过,📌长尾词,,,📌长尾词,,,3,,,
how to find my 7th house,竞品映射,600,15,0.5,,61,⚠️中,0,61,✅相关,,Informational,❌跳过,❌跳过,,,❌跳过,,,2,,,
sidereal astrology calculator,竞品映射,600,24,0.03,,5,⚠️中,0,5,✅相关,,待确认,✅通过,📌长尾词,,,📌长尾词,,,2,,,
purva bhadrapada nakshatra,竞品映射,600,1,0.1,,9,✅弱,0,9,✅相关,,待确认,✅通过,⚡快速胜利,,,⚡快速胜利,,,3,,,
how to read auras,竞品映射,600,2,0.03,,32,⚠️中,0,32,✅相关,,Informational,❌跳过,❌跳过,,,❌跳过,,,2,,,
aura color,竞品映射,600,3,0.02,,17,✅弱,0,17,✅相关,,待确认,✅通过,⚡快速胜利,,,⚡快速胜利,,,3,,,
western astrology,竞品映射,500,15,0.35,,19,✅弱,0,19,✅相关,,待确认,✅通过,⚡快速胜利,,,⚡快速胜利,,,3,,,
purple aura color meaning,竞品映射,500,0,0.02,,17,✅弱,0,17,✅相关,,待确认,✅通过,⚡快速胜利,,,⚡快速胜利,⚠️疑似高风险,,3,,,
free online birth chart calculator,种子词拓展,500,76,0.06,,38,⚠️中,0,38,✅相关,,待确认,❌跳过,❌跳过,,,❌跳过,,,2,,,
miami dade transit tracker,种子词拓展,500,39,0.2,,25,❌强,0,25,✅相关,,待确认,✅通过,📌长尾词,,,📌长尾词,,,1,,,
natal transit chart,竞品映射,500,20,,,12,⚠️中,0,12,✅相关,,待确认,✅通过,📌长尾词,,,📌长尾词,,,2,,,
what does a square mean in astrology,竞品映射,500,13,,,20,✅弱,0,20,✅相关,,待确认,✅通过,⚡快速胜利,,,⚡快速胜利,,,3,,,
astrology transits,竞品映射,500,24,0.3,,14,⚠️中,0,14,✅相关,,待确认,✅通过,📌长尾词,,,📌长尾词,,,2,,,
saturn return in pisces,竞品映射,500,4,0.04,,8,✅弱,0,8,✅相关,,待确认,✅通过,⚡快速胜利,,,⚡快速胜利,,,3,,,
mecury in retrograde,竞品映射,500,1,0.02,,19,✅弱,0,19,✅相关,,待确认,✅通过,⚡快速胜利,,,⚡快速胜利,,,3,,,
aura color quiz,竞品映射,500,3,0.07,,9,❌强,0,9,✅相关,,待确认,✅通过,⚡快速胜利,,,⚡快速胜利,,,1,,,
trine astrology,竞品映射,500,12,0.02,,32,⚠️中,0,32,✅相关,,待确认,❌跳过,❌跳过,,,❌跳过,,,2,,,
bharani,竞品映射,500,1,0.06,,17,✅弱,0,17,✅相关,,待确认,✅通过,⚡快速胜利,,,⚡快速胜利,,,3,,,
what does an orange aura mean,竞品映射,500,0,0.02,,18,✅弱,0,18,✅相关,,待确认,✅通过,⚡快速胜利,,,⚡快速胜利,,,3,,,
dark blue aura meaning,竞品映射,500,0,0.02,,19,✅弱,0,19,✅相关,,待确认,✅通过,⚡快速胜利,,,⚡快速胜利,⚠️疑似高风险,,3,,,
mula nakshatra,竞品映射,500,0,0.04,,7,✅弱,0,7,✅相关,,待确认,✅通过,⚡快速胜利,,,⚡快速胜利,,,3,,,
astro seek astrocartography,种子词拓展,450,41,0.8,,61,❌强,0,61,✅相关,,待确认,❌跳过,❌跳过,,,❌跳过,,,1,,,
what is a full moon ritual,竞品映射,450,1,0.02,,17,✅弱,0,17,✅相关,,Informational,✅通过,⚡快速胜利,,,⚡快速胜利,,,3,,,
uttara bhadrapada,竞品映射,450,1,,,6,✅弱,0,6,✅相关,,待确认,✅通过,⚡快速胜利,,,⚡快速胜利,,,3,,,
ic astrology,竞品映射,450,18,0.07,,18,✅弱,0,18,✅相关,,待确认,✅通过,⚡快速胜利,,,⚡快速胜利,,,3,,,
full moon energy,竞品映射,450,8,0.02,,10,✅弱,0,10,✅相关,,待确认,✅通过,⚡快速胜利,,,⚡快速胜利,,,3,,,
astro seek transit calculator,种子词拓展,450,11,1.6,,74,❌强,0,74,✅相关,,待确认,❌跳过,❌跳过,,,❌跳过,,,1,,,
ashlesha,竞品映射,450,1,0.07,,9,✅弱,0,9,✅相关,,待确认,✅通过,⚡快速胜利,,,⚡快速胜利,,,3,,,
astro transit chart,竞品映射,450,35,0.06,,12,❌强,0,12,✅相关,,待确认,✅通过,📌长尾词,,,📌长尾词,,,1,,,
what does the 8th house represent,竞品映射,450,21,0.03,,10,✅弱,0,10,✅相关,,待确认,✅通过,📌长尾词,,,📌长尾词,,,3,,,
aura color test,竞品映射,450,2,0.05,,18,❌强,0,18,✅相关,,待确认,✅通过,⚡快速胜利,,,⚡快速胜利,,,1,,,
mercury retrograde 2023,竞品映射,450,1,0.04,,19,❌强,0,19,✅相关,,待确认,✅通过,⚡快速胜利,,,⚡快速胜利,,,1,,,
7th house astrology calculator,竞品映射,450,25,0.6,,15,⚠️中,0,15,✅相关,,待确认,✅通过,📌长尾词,,,📌长尾词,,,2,,,
birth chart astro seek,种子词拓展,400,3,1.5,,68,✅弱,0,68,✅相关,,待确认,❌跳过,❌跳过,,,❌跳过,,,3,,,
how to see your aura,竞品映射,400,2,0.03,,20,✅弱,0,20,✅相关,,Informational,✅通过,⚡快速胜利,,,⚡快速胜利,,,3,,,
astrology birth chart calculator free,种子词拓展,400,,0.07,,,,0,待填,✅相关,,待确认,待填,📌长尾词,,,📌长尾词,,,1,,,
astrological birth chart calculator,种子词拓展,400,67,0.35,,27,⚠️中,0,27,✅相关,,待确认,✅通过,📌长尾词,,,📌长尾词,,,2,,,
is persephone a goddess,竞品映射,400,1,,,10,✅弱,0,10,✅相关,,待确认,✅通过,⚡快速胜利,,,⚡快速胜利,,,3,,,
ketu mahadasha,竞品映射,400,0,,,16,✅弱,0,16,✅相关,,待确认,✅通过,⚡快速胜利,,,⚡快速胜利,,,3,,,
zodiac birth chart calculator,种子词拓展,400,74,0.45,,27,⚠️中,0,27,✅相关,,待确认,✅通过,📌长尾词,,,📌长尾词,,,2,,,
what does orange aura mean,竞品映射,400,0,0.01,,18,✅弱,0,18,✅相关,,待确认,✅通过,⚡快速胜利,,,⚡快速胜利,,,3,,,
highly sensitive person book,种子词拓展,400,15,0.2,,45,❌强,0,45,✅相关,,待确认,❌跳过,❌跳过,,,❌跳过,,,1,,,
what is mercury retrograde spiritual meaning,竞品映射,400,4,0.02,,35,⚠️中,0,35,✅相关,,Informational,❌跳过,❌跳过,,,❌跳过,,,2,,,
what color is your aura,竞品映射,400,0,0.03,,21,✅弱,0,21,✅相关,,待确认,✅通过,⚡快速胜利,,,⚡快速胜利,,,3,,,
uttara bhadrapada nakshatra,竞品映射,400,2,,,9,✅弱,0,9,✅相关,,待确认,✅通过,⚡快速胜利,,,⚡快速胜利,,,3,,,
uttara phalguni,竞品映射,400,1,0.05,,6,✅弱,0,6,✅相关,,待确认,✅通过,⚡快速胜利,,,⚡快速胜利,,,3,,,
free birth chart calculator online,种子词拓展,400,,0.08,,,,0,待填,✅相关,,待确认,待填,📌长尾词,,,📌长尾词,,,1,,,
purva bhadrapada,竞品映射,400,0,,,5,✅弱,0,5,✅相关,,待确认,✅通过,⚡快速胜利,,,⚡快速胜利,,,3,,,
natal chart transits,竞品映射,400,19,0.06,,12,⚠️中,0,12,✅相关,,待确认,✅通过,⚡快速胜利,,,⚡快速胜利,,,2,,,
what was persephone the goddess of,竞品映射,400,5,0.02,,11,✅弱,0,11,✅相关,,待确认,✅通过,⚡快速胜利,,,⚡快速胜利,,,3,,,
13th astrological sign,竞品映射,400,9,0.01,,41,✅弱,0,41,✅相关,,待确认,❌跳过,❌跳过,,,❌跳过,,,3,,,
revati,竞品映射,400,4,0.08,,14,✅弱,0,14,✅相关,,待确认,✅通过,⚡快速胜利,,,⚡快速胜利,,,3,,,
north node in sagittarius,竞品映射,350,0,0.08,,11,✅弱,0,11,✅相关,,待确认,✅通过,⚡快速胜利,,,⚡快速胜利,,,3,,,
vedic astrology chart with interpretation,竞品映射,350,21,0.04,,5,⚠️中,0,5,✅相关,,待确认,✅通过,📌长尾词,,,📌长尾词,,,2,,,
free online vedic birth chart calculator,种子词拓展,350,,,,,,0,待填,✅相关,,待确认,待填,📌长尾词,,,📌长尾词,,,1,,,
light green aura meaning,竞品映射,350,1,0.02,,20,✅弱,0,20,✅相关,,待确认,✅通过,⚡快速胜利,,,⚡快速胜利,,,3,,,
birth chart transits,竞品映射,350,22,0.15,,12,⚠️中,0,12,✅相关,,待确认,✅通过,📌长尾词,,,📌长尾词,,,2,,,
atmakaraka calculator,竞品映射,350,1,0.05,,16,⚠️中,0,16,✅相关,,待确认,✅通过,⚡快速胜利,,,⚡快速胜利,,,2,,,
what is ic in astrology,竞品映射,350,17,,,15,✅弱,0,15,✅相关,,Informational,✅通过,⚡快速胜利,,,⚡快速胜利,,,3,,,
astro seek composite chart,种子词拓展,350,18,,,64,❌强,0,64,✅相关,,待确认,❌跳过,❌跳过,,,❌跳过,,,1,,,
saturn in pisces meaning,竞品映射,350,6,0.03,,30,✅弱,0,30,✅相关,,待确认,✅通过,⚡快速胜利,,,⚡快速胜利,,,3,,,
free starseed birth chart calculator,种子词拓展,350,16,0.6,,1,⚠️中,0,1,✅相关,,待确认,✅通过,⚡快速胜利,,,⚡快速胜利,,,2,,,
ophiuchus zodiac sign dates,竞品映射,350,9,0.02,,26,✅弱,0,26,✅相关,,待确认,✅通过,⚡快速胜利,,,⚡快速胜利,,,3,,,
ic in astrology,竞品映射,350,14,0.07,,16,✅弱,0,16,✅相关,,待确认,✅通过,⚡快速胜利,,,⚡快速胜利,,,3,,,
descendant astrology,竞品映射,350,9,0.07,,18,✅弱,0,18,✅相关,,待确认,✅通过,⚡快速胜利,,,⚡快速胜利,,,3,,,
astro seek solar return,种子词拓展,350,18,,,74,❌强,0,74,✅相关,,待确认,❌跳过,❌跳过,,,❌跳过,,,1,,,
punarvasu,竞品映射,350,0,0.08,,5,✅弱,0,5,✅相关,,待确认,✅通过,⚡快速胜利,,,⚡快速胜利,,,3,,,
benefic,竞品映射,300,4,0.05,,5,❌强,0,5,✅相关,,待确认,✅通过,⚡快速胜利,,,⚡快速胜利,,,1,,,
astrocartography interpretation,竞品映射,300,17,0.35,,30,✅弱,0,30,✅相关,,待确认,✅通过,⚡快速胜利,,,⚡快速胜利,,,3,,,
whats my 7th house,竞品映射,300,15,0.6,,6,⚠️中,0,6,✅相关,,待确认,✅通过,⚡快速胜利,,,⚡快速胜利,,,2,,,
astro birth chart calculator,种子词拓展,300,72,0.35,,25,⚠️中,0,25,✅相关,,待确认,✅通过,📌长尾词,,,📌长尾词,,,2,,,
uranus opposition,竞品映射,300,0,0.09,,4,✅弱,0,4,✅相关,,待确认,✅通过,⚡快速胜利,,,⚡快速胜利,,,3,,,
sextile in astrology,竞品映射,300,8,0.06,,25,✅弱,0,25,✅相关,,待确认,✅通过,⚡快速胜利,,,⚡快速胜利,,,3,,,
astro.com natal chart calculator birth chart,种子词拓展,300,,,,,,0,待填,✅相关,,待确认,待填,📌长尾词,,,📌长尾词,,,1,,,
how to find your north node,竞品映射,300,26,0.04,,0,✅弱,0,0,✅相关,,Informational,✅通过,📌长尾词,,,📌长尾词,,,3,,,
what is my midheaven,竞品映射,300,23,0.02,,1,⚠️中,0,1,✅相关,,Informational,✅通过,📌长尾词,,,📌长尾词,,,2,,,
free dosha quiz no email,竞品映射,300,13,0.1,,20,❌强,0,20,✅相关,,待确认,✅通过,⚡快速胜利,,,⚡快速胜利,,,1,,,
27 nakshatras,竞品映射,300,3,0.09,,4,⚠️中,0,4,✅相关,,待确认,✅通过,⚡快速胜利,,,⚡快速胜利,,,2,,,
abundant energy,竞品映射,300,3,1.8,,5,❌强,0,5,✅相关,,待确认,✅通过,⚡快速胜利,,,⚡快速胜利,,,1,,,
highly sensitive person vs autism,种子词拓展,300,2,,,25,✅弱,0,25,✅相关,,Commercial,✅通过,⚡快速胜利,,,⚡快速胜利,,,4,,,
synastry compatibility,种子词拓展,300,20,0.1,,5,✅弱,0,5,✅相关,,待确认,✅通过,📌长尾词,,,📌长尾词,,,3,,,
what's my north node,竞品映射,300,28,0.03,,0,✅弱,0,0,✅相关,,待确认,✅通过,📌长尾词,,,📌长尾词,,,3,,,
chakra test,竞品映射,300,5,0.06,,22,✅弱,0,22,✅相关,,待确认,✅通过,⚡快速胜利,,,⚡快速胜利,,,3,,,
violet aura meaning,竞品映射,300,0,0.05,,4,✅弱,0,4,✅相关,,待确认,✅通过,⚡快速胜利,,,⚡快速胜利,,,3,,,
what color is my aura quiz,竞品映射,300,3,0.04,,21,⚠️中,0,21,✅相关,,待确认,✅通过,⚡快速胜利,,,⚡快速胜利,,,2,,,
vedic calculator,竞品映射,300,37,0.01,,14,⚠️中,0,14,✅相关,,待确认,✅通过,📌长尾词,,,📌长尾词,,,2,,,
mars return,竞品映射,300,10,0.08,,39,⚠️中,0,39,✅相关,,待确认,❌跳过,❌跳过,,,❌跳过,,,2,,,
uttarabhadra nakshatra,竞品映射,300,2,0.06,,9,✅弱,0,9,✅相关,,待确认,✅通过,⚡快速胜利,,,⚡快速胜利,,,3,,,
what does the color white mean spiritually,竞品映射,300,0,,,5,✅弱,0,5,✅相关,,待确认,✅通过,⚡快速胜利,,,⚡快速胜利,,,3,,,
malefic planets,竞品映射,300,0,,,5,✅弱,0,5,✅相关,,待确认,✅通过,⚡快速胜利,,,⚡快速胜利,,,3,,,
krittika,竞品映射,300,0,,,15,✅弱,0,15,✅相关,,待确认,✅通过,⚡快速胜利,,,⚡快速胜利,,,3,,,
south node meaning,竞品映射,300,6,0.02,,6,✅弱,0,6,✅相关,,待确认,✅通过,⚡快速胜利,,,⚡快速胜利,,,3,,,
what is persephone the god of,竞品映射,250,1,0.02,,11,✅弱,0,11,✅相关,,Informational,✅通过,⚡快速胜利,,,⚡快速胜利,,,3,,,
accurate past life calculator,竞品映射,250,8,0.7,,6,✅弱,0,6,✅相关,,待确认,✅通过,⚡快速胜利,,,⚡快速胜利,,,3,,,
juno sign,竞品映射,250,12,0.4,,12,✅弱,0,12,✅相关,,待确认,✅通过,⚡快速胜利,,,⚡快速胜利,,,3,,,
square astrology,竞品映射,250,12,,,22,✅弱,0,22,✅相关,,待确认,✅通过,⚡快速胜利,,,⚡快速胜利,,,3,,,
how to know your aura color,竞品映射,250,0,0.02,,21,⚠️中,0,21,✅相关,,Informational,✅通过,⚡快速胜利,,,⚡快速胜利,,,2,,,
what is north node in astrology,竞品映射,250,28,0.02,,15,✅弱,0,15,✅相关,,Informational,✅通过,📌长尾词,,,📌长尾词,,,3,,,
birth chart calculator astrology,种子词拓展,250,75,0.45,,39,❌强,0,39,✅相关,,待确认,❌跳过,❌跳过,,,❌跳过,,,1,,,
lime green aura meaning,竞品映射,250,3,0.02,,17,✅弱,0,17,✅相关,,待确认,✅通过,⚡快速胜利,,,⚡快速胜利,,,3,,,
taurus north node,竞品映射,250,0,0.08,,15,✅弱,0,15,✅相关,,待确认,✅通过,⚡快速胜利,,,⚡快速胜利,,,3,,,
vedic astrology chart interpretation,竞品映射,250,13,0.04,,5,✅弱,0,5,✅相关,,待确认,✅通过,⚡快速胜利,,,⚡快速胜利,,,3,,,
chiron in 12th house,竞品映射,250,0,0.2,,11,✅弱,0,11,✅相关,,待确认,✅通过,⚡快速胜利,,,⚡快速胜利,,,3,,,
astro.com free birth chart calculator,种子词拓展,250,,,,,,0,待填,✅相关,,待确认,待填,📌长尾词,,,📌长尾词,,,1,,,
vedic astrology natal chart,竞品映射,250,28,0.5,,7,✅弱,0,7,✅相关,,待确认,✅通过,📌长尾词,,,📌长尾词,,,3,,,
whats my aura color,竞品映射,250,2,0.05,,15,✅弱,0,15,✅相关,,待确认,✅通过,⚡快速胜利,,,⚡快速胜利,,,3,,,
what is your aura,竞品映射,250,0,0.03,,22,⚠️中,0,22,✅相关,,Informational,✅通过,⚡快速胜利,,,⚡快速胜利,,,2,,,
aura reader,竞品映射,250,4,0.8,,28,⚠️中,0,28,✅相关,,待确认,✅通过,⚡快速胜利,,,⚡快速胜利,,,2,,,
shani mahadasha,竞品映射,250,0,0.3,,17,✅弱,0,17,✅相关,,待确认,✅通过,⚡快速胜利,,,⚡快速胜利,,,3,,,
ardra,竞品映射,250,2,0.09,,2,⚠️中,0,2,✅相关,,待确认,✅通过,⚡快速胜利,,,⚡快速胜利,,,2,,,
mars in 12th house,竞品映射,250,0,0.03,,20,✅弱,0,20,✅相关,,待确认,✅通过,⚡快速胜利,,,⚡快速胜利,,,3,,,
north node taurus,竞品映射,250,0,0.08,,15,✅弱,0,15,✅相关,,待确认,✅通过,⚡快速胜利,,,⚡快速胜利,,,3,,,
transits astrology,竞品映射,250,20,0.25,,13,✅弱,0,13,✅相关,,待确认,✅通过,📌长尾词,,,📌长尾词,,,3,,,
three gunas,竞品映射,250,15,0.04,,44,❌强,0,44,✅相关,,待确认,❌跳过,❌跳过,,,❌跳过,,,1,,,
white spiritual meaning,竞品映射,250,0,,,5,✅弱,0,5,✅相关,,待确认,✅通过,⚡快速胜利,,,⚡快速胜利,,,3,,,
astro seek saturn return,种子词拓展,250,42,,,35,✅弱,0,35,✅相关,,待确认,❌跳过,❌跳过,,,❌跳过,,,3,,,
free astrology birth chart calculator,种子词拓展,250,70,0.09,,25,⚠️中,0,25,✅相关,,待确认,✅通过,📌长尾词,,,📌长尾词,,,2,,,
cancer north node,竞品映射,250,0,0.03,,5,✅弱,0,5,✅相关,,待确认,✅通过,⚡快速胜利,,,⚡快速胜利,,,3,,,
the 13 zodiac signs,竞品映射,250,13,0.03,,33,⚠️中,0,33,✅相关,,待确认,❌跳过,❌跳过,,,❌跳过,,,2,,,
what is sextile in astrology,竞品映射,250,9,,,20,✅弱,0,20,✅相关,,Informational,✅通过,⚡快速胜利,,,⚡快速胜利,,,3,,,
synastry chart compatibility,种子词拓展,250,24,0.08,,15,✅弱,0,15,✅相关,,待确认,✅通过,📌长尾词,,,📌长尾词,,,3,,,
purvabhadra nakshatra,竞品映射,250,0,0.08,,9,✅弱,0,9,✅相关,,待确认,✅通过,⚡快速胜利,,,⚡快速胜利,,,3,,,
white aura color meaning,竞品映射,250,0,0.01,,15,✅弱,0,15,✅相关,,待确认,✅通过,⚡快速胜利,,,⚡快速胜利,,,3,,,
aura colors and their meaning,竞品映射,250,9,0.02,,22,✅弱,0,22,✅相关,,待确认,✅通过,⚡快速胜利,,,⚡快速胜利,,,3,,,
imum coeli meaning,竞品映射,250,6,,,7,✅弱,0,7,✅相关,,待确认,✅通过,⚡快速胜利,,,⚡快速胜利,,,3,,,
8th house in astrology,竞品映射,250,14,0.07,,27,⚠️中,0,27,✅相关,,待确认,✅通过,⚡快速胜利,,,⚡快速胜利,,,2,,,
gemini north node,竞品映射,250,1,0.05,,5,✅弱,0,5,✅相关,,待确认,✅通过,⚡快速胜利,,,⚡快速胜利,,,3,,,
best free synastry report,竞品映射,250,26,0.15,,8,✅弱,0,8,✅相关,,Commercial,✅通过,🎯战略词,,,🎯战略词,,,4,,,
north node leo,竞品映射,250,0,0.06,,11,✅弱,0,11,✅相关,,待确认,✅通过,⚡快速胜利,,,⚡快速胜利,,,3,,,
aura scan,竞品映射,250,17,6,,16,⚠️中,0,16,✅相关,,待确认,✅通过,⚡快速胜利,,,⚡快速胜利,,,2,,,
highly sensitive person quiz,种子词拓展,250,12,0.5,,39,⚠️中,0,39,✅相关,,待确认,❌跳过,❌跳过,,,❌跳过,,,2,,,
natal chart interpretation,种子词拓展,250,24,0.45,,19,⚠️中,0,19,✅相关,,待确认,✅通过,📌长尾词,,,📌长尾词,,,2,,,
magha,竞品映射,250,2,0.25,,9,✅弱,0,9,✅相关,,待确认,✅通过,⚡快速胜利,,,⚡快速胜利,,,3,,,
transit birth chart,竞品映射,200,22,0.09,,12,✅弱,0,12,✅相关,,待确认,✅通过,📌长尾词,,,📌长尾词,,,3,,,
vedic astro chart,竞品映射,200,39,0.45,,7,✅弱,0,7,✅相关,,待确认,✅通过,📌长尾词,,,📌长尾词,,,3,,,
when did neptune enter pisces,竞品映射,200,1,,,16,✅弱,0,16,✅相关,,待确认,✅通过,⚡快速胜利,,,⚡快速胜利,,,3,,,
virgo sex,竞品映射,200,1,,,32,⚠️中,0,32,✅相关,,待确认,❌跳过,❌跳过,,,❌跳过,,,2,,,
birth chart houses calculator,种子词拓展,200,49,0.6,,47,⚠️中,0,47,✅相关,,待确认,❌跳过,❌跳过,,,❌跳过,,,2,,,
astro-seek free birth chart calculator,种子词拓展,200,,,,,,0,待填,✅相关,,待确认,待填,📌长尾词,,,📌长尾词,,,1,,,
blue aura color,竞品映射,200,0,0.05,,17,✅弱,0,17,✅相关,,待确认,✅通过,⚡快速胜利,,,⚡快速胜利,,,3,,,
rahu in 2nd house and ketu in 8th house,竞品映射,200,0,,,5,✅弱,0,5,✅相关,,待确认,✅通过,⚡快速胜利,,,⚡快速胜利,,,3,,,
astrodienst birth chart calculator,种子词拓展,200,61,2,,76,❌强,0,76,✅相关,,待确认,❌跳过,❌跳过,,,❌跳过,,,1,,,
highly sensitive person debunked,种子词拓展,200,24,0.06,,41,⚠️中,0,41,✅相关,,待确认,❌跳过,❌跳过,,,❌跳过,,,2,,,
what does sextile mean in astrology,竞品映射,200,12,,,25,✅弱,0,25,✅相关,,待确认,✅通过,⚡快速胜利,,,⚡快速胜利,,,3,,,
things to do on a full moon for good luck,竞品映射,200,1,0.02,,35,⚠️中,0,35,✅相关,,待确认,❌跳过,❌跳过,,,❌跳过,,,2,,,
north node sign,竞品映射,200,14,0.1,,23,✅弱,0,23,✅相关,,待确认,✅通过,⚡快速胜利,,,⚡快速胜利,,,3,,,
mrigashira,竞品映射,200,0,,,9,✅弱,0,9,✅相关,,待确认,✅通过,⚡快速胜利,,,⚡快速胜利,,,3,,,
chinese birth chart calculator,种子词拓展,200,50,0.6,,12,⚠️中,0,12,✅相关,,待确认,✅通过,📌长尾词,,,📌长尾词,,,2,,,
yellow green aura meaning,竞品映射,200,0,0.02,,28,⚠️中,0,28,✅相关,,待确认,✅通过,⚡快速胜利,,,⚡快速胜利,,,2,,,
dark green aura meaning,竞品映射,200,1,0.01,,19,✅弱,0,19,✅相关,,待确认,✅通过,⚡快速胜利,,,⚡快速胜利,,,3,,,
native american zodiac signs by date of birth,竞品映射,200,9,0.01,,31,⚠️中,0,31,✅相关,,待确认,❌跳过,❌跳过,,,❌跳过,,,2,,,
13th star sign,竞品映射,200,12,,,26,✅弱,0,26,✅相关,,待确认,✅通过,⚡快速胜利,,,⚡快速胜利,,,3,,,
south node in scorpio,竞品映射,200,0,0.1,,18,✅弱,0,18,✅相关,,待确认,✅通过,⚡快速胜利,,,⚡快速胜利,,,3,,,
chinese astrology birth chart calculator,种子词拓展,200,24,,,13,✅弱,0,13,✅相关,,待确认,✅通过,📌长尾词,,,📌长尾词,,,3,,,
astrological birth chart calculator online free,种子词拓展,200,,,,,,0,待填,✅相关,,待确认,待填,📌长尾词,,,📌长尾词,,,1,,,
malefics,竞品映射,200,1,0.05,,12,✅弱,0,12,✅相关,,待确认,✅通过,⚡快速胜利,,,⚡快速胜利,,,3,,,
trimet transit tracker,种子词拓展,200,6,0.01,,77,❌强,0,77,✅相关,,待确认,❌跳过,❌跳过,,,❌跳过,,,1,,,
aura test free,竞品映射,200,4,0.06,,2,⚠️中,0,2,✅相关,,待确认,✅通过,⚡快速胜利,,,⚡快速胜利,,,2,,,
dk planet calculator,竞品映射,200,6,0.25,,2,✅弱,0,2,✅相关,,待确认,✅通过,⚡快速胜利,,,⚡快速胜利,,,3,,,
past life calculator,竞品映射,200,20,0.9,,18,✅弱,0,18,✅相关,,待确认,✅通过,📌长尾词,,,📌长尾词,,,3,,,
trine in astrology,竞品映射,200,7,0.02,,21,✅弱,0,21,✅相关,,待确认,✅通过,⚡快速胜利,,,⚡快速胜利,,,3,,,
birth chart calculator compatibility,种子词拓展,200,28,,,8,✅弱,0,8,✅相关,,待确认,✅通过,📌长尾词,,,📌长尾词,,,3,,,
the root chakra,竞品映射,200,16,0.03,,22,✅弱,0,22,✅相关,,待确认,✅通过,⚡快速胜利,,,⚡快速胜利,,,3,,,
aura amarilla significado,竞品映射,200,0,,,19,✅弱,0,19,✅相关,,待确认,✅通过,⚡快速胜利,,,⚡快速胜利,,,3,,,
what does square mean in astrology,竞品映射,200,13,,,21,✅弱,0,21,✅相关,,待确认,✅通过,⚡快速胜利,,,⚡快速胜利,,,3,,,
juno asteroid astrology,竞品映射,200,13,,,14,✅弱,0,14,✅相关,,待确认,✅通过,⚡快速胜利,,,⚡快速胜利,,,3,,,
vedic astrology houses,竞品映射,200,7,0.05,,10,✅弱,0,10,✅相关,,待确认,✅通过,⚡快速胜利,,,⚡快速胜利,,,3,,,
astro.com natal chart calculator free birth chart,种子词拓展,200,,,,,,0,待填,✅相关,,待确认,待填,📌长尾词,,,📌长尾词,,,1,,,
online vedic birth chart calculator,种子词拓展,200,,,,,,0,待填,✅相关,,待确认,待填,📌长尾词,,,📌长尾词,,,1,,,
orange aura color meaning,竞品映射,200,0,0.02,,19,✅弱,0,19,✅相关,,待确认,✅通过,⚡快速胜利,,,⚡快速胜利,,,3,,,
solar chart,竞品映射,200,3,0.05,,8,✅弱,0,8,✅相关,,待确认,✅通过,⚡快速胜利,,,⚡快速胜利,,,3,,,
north node gemini,竞品映射,200,0,0.05,,7,✅弱,0,7,✅相关,,待确认,✅通过,⚡快速胜利,,,⚡快速胜利,,,3,,,
rahu in 11th house and ketu in 5th house,竞品映射,200,0,,,23,✅弱,0,23,✅相关,,待确认,✅通过,⚡快速胜利,,,⚡快速胜利,,,3,,,
whats my aura,竞品映射,200,3,0.04,,20,✅弱,0,20,✅相关,,待确认,✅通过,⚡快速胜利,,,⚡快速胜利,,,3,,,
astro-charts birth chart calculator,种子词拓展,200,,,,,,0,待填,✅相关,,待确认,待填,📌长尾词,,,📌长尾词,,,1,,,
how did i die in my past life astrology calculator,竞品映射,200,26,0.6,,26,⚠️中,0,26,✅相关,,待确认,✅通过,📌长尾词,,,📌长尾词,,,2,,,
what is a sextile in astrology,竞品映射,200,12,0.05,,20,✅弱,0,20,✅相关,,Informational,✅通过,⚡快速胜利,,,⚡快速胜利,,,3,,,
rahu ketu in english,竞品映射,200,1,,,7,✅弱,0,7,✅相关,,待确认,✅通过,⚡快速胜利,,,⚡快速胜利,,,3,,,
western astrology birth chart calculator,种子词拓展,200,,,,,,0,待填,✅相关,,待确认,待填,📌长尾词,,,📌长尾词,,,1,,,
red aura color meaning,竞品映射,200,0,0.02,,15,✅弱,0,15,✅相关,,待确认,✅通过,⚡快速胜利,,,⚡快速胜利,,,3,,,
famous highly sensitive person,种子词拓展,200,0,,,9,✅弱,0,9,✅相关,,待确认,✅通过,⚡快速胜利,,,⚡快速胜利,,,3,,,
sextile meaning astrology,竞品映射,200,16,,,19,✅弱,0,19,✅相关,,待确认,✅通过,⚡快速胜利,,,⚡快速胜利,,,3,,,
saturn mahadasha,竞品映射,200,0,0.25,,14,✅弱,0,14,✅相关,,待确认,✅通过,⚡快速胜利,,,⚡快速胜利,,,3,,,
highly sensitive person treatment,种子词拓展,200,1,0.7,,31,⚠️中,0,31,✅相关,,待确认,❌跳过,❌跳过,,,❌跳过,,,2,,,
north node sagittarius,竞品映射,200,0,0.1,,5,✅弱,0,5,✅相关,,待确认,✅通过,⚡快速胜利,,,⚡快速胜利,,,3,,,
how to balance vata dosha,竞品映射,200,1,0.15,,17,⚠️中,0,17,✅相关,,Informational,✅通过,⚡快速胜利,,,⚡快速胜利,,,2,,,
elvis presley birth chart,竞品映射,200,4,,,10,✅弱,0,10,✅相关,,待确认,✅通过,⚡快速胜利,,,⚡快速胜利,,,3,,,
birth chart transit,竞品映射,200,21,0.9,,7,✅弱,0,7,✅相关,,待确认,✅通过,📌长尾词,,,📌长尾词,,,3,,,
saturn return calculator cafe astrology,种子词拓展,200,37,,,41,⚠️中,0,41,✅相关,,待确认,❌跳过,❌跳过,,,❌跳过,,,2,,,
violet aura,竞品映射,200,0,0.03,,5,✅弱,0,5,✅相关,,待确认,✅通过,⚡快速胜利,,,⚡快速胜利,,,3,,,
ketu astrology,竞品映射,200,2,2.5,,7,✅弱,0,7,✅相关,,待确认,✅通过,⚡快速胜利,,,⚡快速胜利,,,3,,,
3 gunas,竞品映射,200,12,0.01,,20,✅弱,0,20,✅相关,,待确认,✅通过,⚡快速胜利,,,⚡快速胜利,,,3,,,
the highly sensitive person book,种子词拓展,200,29,0.2,,45,⚠️中,0,45,✅相关,,待确认,❌跳过,❌跳过,,,❌跳过,,,2,,,
aura azul significado,竞品映射,200,0,,,36,⚠️中,0,36,✅相关,,待确认,❌跳过,❌跳过,,,❌跳过,,,2,,,
vedic astrology meaning,竞品映射,200,21,,,14,✅弱,0,14,✅相关,,待确认,✅通过,📌长尾词,,,📌长尾词,,,3,,,
the color blue spiritual meaning,竞品映射,200,4,0.03,,8,✅弱,0,8,✅相关,,待确认,✅通过,⚡快速胜利,,,⚡快速胜利,,,3,,,
ai astrology app,种子词拓展,200,4,,,1,⚠️中,0,1,✅相关,,待确认,✅通过,⚡快速胜利,,,⚡快速胜利,,,2,,,
square in astrology,竞品映射,200,15,,,9,✅弱,0,9,✅相关,,待确认,✅通过,⚡快速胜利,,,⚡快速胜利,,,3,,,
how to find north node,竞品映射,200,23,0.01,,6,✅弱,0,6,✅相关,,Informational,✅通过,📌长尾词,,,📌长尾词,,,3,,,
what house is my north node in,竞品映射,200,31,0.7,,0,✅弱,0,0,✅相关,,待确认,✅通过,📌长尾词,,,📌长尾词,,,3,,,
juno calculator astrology,竞品映射,200,18,0.02,,11,⚠️中,0,11,✅相关,,待确认,✅通过,⚡快速胜利,,,⚡快速胜利,,,2,,,
mc meaning astrology,竞品映射,200,15,,,31,⚠️中,0,31,✅相关,,待确认,❌跳过,❌跳过,,,❌跳过,,,2,,,
lagna chart calculator,竞品映射,200,31,0.02,,25,⚠️中,0,25,✅相关,,待确认,✅通过,📌长尾词,,,📌长尾词,,,2,,,
birth chart interpretation,竞品映射,200,32,0.6,,19,⚠️中,0,19,✅相关,,待确认,✅通过,📌长尾词,,,📌长尾词,,,2,,,
light purple aura meaning,竞品映射,200,1,0.06,,12,✅弱,0,12,✅相关,,待确认,✅通过,⚡快速胜利,,,⚡快速胜利,,,3,,,
libra rising houses,竞品映射,200,0,,,19,✅弱,0,19,✅相关,,待确认,✅通过,⚡快速胜利,,,⚡快速胜利,,,3,,,
what does the sun and moon symbolize,竞品映射,200,0,0.7,,3,✅弱,0,3,✅相关,,待确认,✅通过,⚡快速胜利,,,⚡快速胜利,,,3,,,
how to find midheaven,竞品映射,200,18,0.01,,28,⚠️中,0,28,✅相关,,Informational,✅通过,⚡快速胜利,,,⚡快速胜利,,,2,,,
free transit chart with interpretation,竞品映射,200,20,0.15,,13,⚠️中,0,13,✅相关,,待确认,✅通过,📌长尾词,,,📌长尾词,,,2,,,
signs of a highly sensitive person,种子词拓展,200,22,0.3,,35,⚠️中,0,35,✅相关,,待确认,❌跳过,❌跳过,,,❌跳过,,,2,,,
the planets in astrology,竞品映射,200,22,0.6,,28,⚠️中,0,28,✅相关,,待确认,✅通过,📌长尾词,,,📌长尾词,,,2,,,
thirteenth zodiac sign,竞品映射,200,13,,,41,✅弱,0,41,✅相关,,待确认,❌跳过,❌跳过,,,❌跳过,,,3,,,
verdict astrology,竞品映射,150,35,,,28,⚠️中,0,28,✅相关,,待确认,✅通过,📌长尾词,,,📌长尾词,,,2,,,
best vedic birth chart calculator,种子词拓展,150,19,0.35,,,✅弱,0,待填,✅相关,,Commercial,待填,⚡快速胜利,,,⚡快速胜利,,,4,,,
sextile meaning in astrology,竞品映射,150,18,,,20,✅弱,0,20,✅相关,,待确认,✅通过,⚡快速胜利,,,⚡快速胜利,,,3,,,
astrological transits,竞品映射,150,16,0.3,,13,⚠️中,0,13,✅相关,,待确认,✅通过,⚡快速胜利,,,⚡快速胜利,,,2,,,
hub city transit bus tracker,种子词拓展,150,0,,,1,❌强,0,1,✅相关,,待确认,✅通过,⚡快速胜利,,,⚡快速胜利,,,1,,,
aura colors test,竞品映射,150,2,0.05,,2,✅弱,0,2,✅相关,,待确认,✅通过,⚡快速胜利,,,⚡快速胜利,,,3,,,
birth chart transit calculator,种子词拓展,150,19,,,15,✅弱,0,15,✅相关,,待确认,✅通过,⚡快速胜利,,,⚡快速胜利,,,3,,,
what is a square in astrology,竞品映射,150,13,,,21,✅弱,0,21,✅相关,,Informational,✅通过,⚡快速胜利,,,⚡快速胜利,,,3,,,
south node in aquarius,竞品映射,150,1,0.1,,8,✅弱,0,8,✅相关,,待确认,✅通过,⚡快速胜利,,,⚡快速胜利,,,3,,,
birth chart astrology calculator,种子词拓展,150,75,0.45,,39,⚠️中,0,39,✅相关,,待确认,❌跳过,❌跳过,,,❌跳过,,,2,,,
astro seek profection year,种子词拓展,150,15,,,74,⚠️中,0,74,✅相关,,待确认,❌跳过,❌跳过,,,❌跳过,,,2,,,
11 house,竞品映射,150,11,0.05,,26,✅弱,0,26,✅相关,,待确认,✅通过,⚡快速胜利,,,⚡快速胜利,,,3,,,
astro seek moon,种子词拓展,150,23,,,74,✅弱,0,74,✅相关,,待确认,❌跳过,❌跳过,,,❌跳过,,,3,,,
venus mahadasha,竞品映射,150,0,0.09,,14,⚠️中,0,14,✅相关,,待确认,✅通过,⚡快速胜利,,,⚡快速胜利,,,2,,,
8th house astrology meaning,竞品映射,150,17,0.09,,28,⚠️中,0,28,✅相关,,待确认,✅通过,⚡快速胜利,,,⚡快速胜利,,,2,,,
rashi by date of birth,竞品映射,150,18,0.1,,5,⚠️中,0,5,✅相关,,待确认,✅通过,⚡快速胜利,,,⚡快速胜利,,,2,,,
third house in astrology,竞品映射,150,12,0.05,,37,⚠️中,0,37,✅相关,,待确认,❌跳过,❌跳过,,,❌跳过,,,2,,,
thursday spiritual chakra color and planet,竞品映射,150,2,,,14,✅弱,0,14,✅相关,,待确认,✅通过,⚡快速胜利,,,⚡快速胜利,,,3,,,
online vedic astrology birth chart calculator,种子词拓展,150,,,,,,0,待填,✅相关,,待确认,待填,📌长尾词,,,📌长尾词,,,1,,,
rahu in swati,竞品映射,150,0,,,1,✅弱,0,1,✅相关,,待确认,✅通过,⚡快速胜利,,,⚡快速胜利,,,3,,,
dhanishta,竞品映射,150,0,0.15,,9,✅弱,0,9,✅相关,,待确认,✅通过,⚡快速胜利,,,⚡快速胜利,,,3,,,
astrology birth chart calculator free online,种子词拓展,150,,,,,,0,待填,✅相关,,待确认,待填,📌长尾词,,,📌长尾词,,,1,,,
vedic birth chart calculator free online,种子词拓展,150,,,,,,0,待填,✅相关,,待确认,待填,📌长尾词,,,📌长尾词,,,1,,,
astro-seek birth chart calculator parameters url,种子词拓展,150,,,,,,0,待填,✅相关,,待确认,待填,📌长尾词,,,📌长尾词,,,1,,,
swathi nakshatra rasi,竞品映射,150,0,,,8,✅弱,0,8,✅相关,,待确认,✅通过,⚡快速胜利,,,⚡快速胜利,,,3,,,
ashlesha nakshatra characteristics,竞品映射,150,0,,,22,✅弱,0,22,✅相关,,待确认,✅通过,⚡快速胜利,,,⚡快速胜利,,,3,,,
rahu planet in english,竞品映射,150,5,,,3,✅弱,0,3,✅相关,,待确认,✅通过,⚡快速胜利,,,⚡快速胜利,,,3,,,
opposition astrology,竞品映射,150,0,,,10,✅弱,0,10,✅相关,,待确认,✅通过,⚡快速胜利,,,⚡快速胜利,,,3,,,
d60 chart calculator,竞品映射,150,9,,,13,✅弱,0,13,✅相关,,待确认,✅通过,⚡快速胜利,,,⚡快速胜利,,,3,,,
astrotheme birth chart calculator,种子词拓展,150,68,0.45,,54,❌强,0,54,✅相关,,待确认,❌跳过,❌跳过,,,❌跳过,,,1,,,
dark red aura,竞品映射,150,0,,,25,✅弱,0,25,✅相关,,待确认,✅通过,⚡快速胜利,,,⚡快速胜利,,,3,,,
2nd house in astrology,竞品映射,150,18,0.02,,27,⚠️中,0,27,✅相关,,待确认,✅通过,⚡快速胜利,,,⚡快速胜利,,,2,,,
what color is your aura quiz,竞品映射,150,2,0.05,,12,✅弱,0,12,✅相关,,待确认,✅通过,⚡快速胜利,,,⚡快速胜利,,,3,,,
what is a yellow aura,竞品映射,150,0,0.03,,15,✅弱,0,15,✅相关,,Informational,✅通过,⚡快速胜利,,,⚡快速胜利,,,3,,,
crystals for each chakra,竞品映射,150,1,0.25,,19,✅弱,0,19,✅相关,,待确认,✅通过,⚡快速胜利,,,⚡快速胜利,,,3,,,
mars in 12th house synastry,竞品映射,150,0,0.1,,15,✅弱,0,15,✅相关,,待确认,✅通过,⚡快速胜利,,,⚡快速胜利,,,3,,,
cafe astrology birth chart calculator,种子词拓展,150,51,0.3,,75,❌强,0,75,✅相关,,待确认,❌跳过,❌跳过,,,❌跳过,,,1,,,
lilith conjunct north node synastry,竞品映射,150,0,0.35,,8,✅弱,0,8,✅相关,,待确认,✅通过,⚡快速胜利,,,⚡快速胜利,,,3,,,
natal chart transit,竞品映射,150,22,0.09,,13,⚠️中,0,13,✅相关,,待确认,✅通过,📌长尾词,,,📌长尾词,,,2,,,
birth chart calculator sun moon rising,种子词拓展,150,67,0.25,,18,✅弱,0,18,✅相关,,待确认,✅通过,📌长尾词,,,📌长尾词,,,3,,,
pisces saturn,竞品映射,150,5,,,16,✅弱,0,16,✅相关,,待确认,✅通过,⚡快速胜利,,,⚡快速胜利,,,3,,,
where is my north node,竞品映射,150,31,0.02,,6,✅弱,0,6,✅相关,,待确认,✅通过,📌长尾词,,,📌长尾词,,,3,,,
krittika nakshatra famous personalities,竞品映射,150,0,,,3,✅弱,0,3,✅相关,,待确认,✅通过,⚡快速胜利,,,⚡快速胜利,,,3,,,
9th house in astrology,竞品映射,150,9,0.02,,22,✅弱,0,22,✅相关,,待确认,✅通过,⚡快速胜利,,,⚡快速胜利,,,3,,,
astro seek progressed chart,种子词拓展,150,4,,,54,⚠️中,0,54,✅相关,,待确认,❌跳过,❌跳过,,,❌跳过,,,2,,,
when does mercury station direct,竞品映射,150,13,,,5,⚠️中,0,5,✅相关,,待确认,✅通过,⚡快速胜利,,,⚡快速胜利,,,2,,,
birth chart calculator free online,种子词拓展,150,,1.4,,,,0,待填,✅相关,,待确认,待填,📌长尾词,,,📌长尾词,,,1,,,
astrosage birth chart calculator,种子词拓展,150,,,,,,0,待填,✅相关,,待确认,待填,📌长尾词,,,📌长尾词,,,1,,,
ascendant meaning in astrology,竞品映射,150,30,0.02,,32,⚠️中,0,32,✅相关,,待确认,❌跳过,❌跳过,,,❌跳过,,,2,,,
how to see my aura color,竞品映射,150,2,0.07,,15,✅弱,0,15,✅相关,,Informational,✅通过,⚡快速胜利,,,⚡快速胜利,,,3,,,
free aura color test,竞品映射,150,1,0.06,,12,✅弱,0,12,✅相关,,待确认,✅通过,⚡快速胜利,,,⚡快速胜利,,,3,,,
square aspect astrology,竞品映射,150,12,,,15,✅弱,0,15,✅相关,,待确认,✅通过,⚡快速胜利,,,⚡快速胜利,,,3,,,
free birth chart calculator astrology,种子词拓展,150,,,,,,0,待填,✅相关,,待确认,待填,📌长尾词,,,📌长尾词,,,1,,,
how to read vedic astrology chart,竞品映射,150,8,0.08,,2,✅弱,0,2,✅相关,,Informational,✅通过,⚡快速胜利,,,⚡快速胜利,,,3,,,
cancer in 12th house,竞品映射,150,0,,,16,✅弱,0,16,✅相关,,待确认,✅通过,⚡快速胜利,,,⚡快速胜利,,,3,,,
leo rising houses,竞品映射,150,0,0.9,,6,✅弱,0,6,✅相关,,待确认,✅通过,⚡快速胜利,,,⚡快速胜利,,,3,,,
relationship life coach,种子词拓展,150,3,3,,7,✅弱,0,7,✅相关,,待确认,✅通过,⚡快速胜利,,,⚡快速胜利,,,3,,,
color aura meanings,竞品映射,150,8,0.03,,22,✅弱,0,22,✅相关,,待确认,✅通过,⚡快速胜利,,,⚡快速胜利,,,3,,,
birth chart calculator vedic astrology,种子词拓展,150,47,,,5,✅弱,0,5,✅相关,,待确认,✅通过,📌长尾词,,,📌长尾词,,,3,,,
what's my midheaven,竞品映射,150,23,0.01,,10,✅弱,0,10,✅相关,,待确认,✅通过,📌长尾词,,,📌长尾词,,,3,,,
rahu means which planet,竞品映射,150,6,,,19,⚠️中,0,19,✅相关,,待确认,✅通过,⚡快速胜利,,,⚡快速胜利,,,2,,,
colors of venus,竞品映射,150,0,0.15,,14,⚠️中,0,14,✅相关,,待确认,✅通过,⚡快速胜利,,,⚡快速胜利,,,2,,,
chakra healing crystals,竞品映射,150,0,0.1,,20,⚠️中,0,20,✅相关,,待确认,✅通过,⚡快速胜利,,,⚡快速胜利,,,2,,,
astro-seek vedic birth chart calculator,种子词拓展,150,,,,,,0,待填,✅相关,,待确认,待填,📌长尾词,,,📌长尾词,,,1,,,
mrigasira nakshatra,竞品映射,150,0,0.25,,14,✅弱,0,14,✅相关,,待确认,✅通过,⚡快速胜利,,,⚡快速胜利,,,3,,,
use a birth chart calculator,种子词拓展,150,,,,,,0,待填,✅相关,,待确认,待填,📌长尾词,,,📌长尾词,,,1,,,
astro seek moon phases,种子词拓展,150,11,,,74,❌强,0,74,✅相关,,待确认,❌跳过,❌跳过,,,❌跳过,,,1,,,
punarvasu nakshatra rashi,竞品映射,150,0,,,8,✅弱,0,8,✅相关,,待确认,✅通过,⚡快速胜利,,,⚡快速胜利,,,3,,,
arcturian starseed birth chart calculator,种子词拓展,150,14,0.3,,1,✅弱,0,1,✅相关,,待确认,✅通过,⚡快速胜利,,,⚡快速胜利,,,3,,,
black moon lilith sign,竞品映射,150,27,0.04,,23,⚠️中,0,23,✅相关,,待确认,✅通过,📌长尾词,,,📌长尾词,,,2,,,
pluto in 6th house,竞品映射,150,0,0.07,,9,✅弱,0,9,✅相关,,待确认,✅通过,⚡快速胜利,,,⚡快速胜利,,,3,,,
how to find my north node,竞品映射,150,23,0.7,,6,✅弱,0,6,✅相关,,Informational,✅通过,📌长尾词,,,📌长尾词,,,3,,,
sattva rajas tamas,竞品映射,150,2,0.02,,25,⚠️中,0,25,✅相关,,待确认,✅通过,⚡快速胜利,,,⚡快速胜利,,,2,,,
gemini rising houses,竞品映射,150,0,,,5,✅弱,0,5,✅相关,,待确认,✅通过,⚡快速胜利,,,⚡快速胜利,,,3,,,
what does 9th house represent,竞品映射,150,15,0.15,,32,✅弱,0,32,✅相关,,待确认,❌跳过,❌跳过,,,❌跳过,,,3,,,
highly sensitive person test free,种子词拓展,150,24,,,20,⚠️中,0,20,✅相关,,待确认,✅通过,📌长尾词,,,📌长尾词,,,2,,,
light purple aura,竞品映射,150,3,,,11,✅弱,0,11,✅相关,,待确认,✅通过,⚡快速胜利,,,⚡快速胜利,,,3,,,
true sidereal astrology,竞品映射,150,24,0.25,,4,✅弱,0,4,✅相关,,待确认,✅通过,📌长尾词,,,📌长尾词,,,3,,,
color aura,竞品映射,150,3,0.02,,17,✅弱,0,17,✅相关,,待确认,✅通过,⚡快速胜利,,,⚡快速胜利,,,3,,,
transits chart,竞品映射,150,21,0.09,,13,✅弱,0,13,✅相关,,待确认,✅通过,📌长尾词,,,📌长尾词,,,3,,,
miami-dade transit bus tracker,种子词拓展,150,25,0.7,,25,❌强,0,25,✅相关,,待确认,✅通过,📌长尾词,,,📌长尾词,,,1,,,
aura blanca significado,竞品映射,150,0,,,15,✅弱,0,15,✅相关,,待确认,✅通过,⚡快速胜利,,,⚡快速胜利,,,3,,,
vedic astrology birth chart calculator free,种子词拓展,150,,,,,,0,待填,✅相关,,待确认,待填,📌长尾词,,,📌长尾词,,,1,,,
descendant in astrology,竞品映射,150,8,0.7,,16,✅弱,0,16,✅相关,,待确认,✅通过,⚡快速胜利,,,⚡快速胜利,,,3,,,
ascendant astrology meaning,竞品映射,150,30,0.35,,20,✅弱,0,20,✅相关,,待确认,✅通过,📌长尾词,,,📌长尾词,,,3,,,
past life birth chart calculator,种子词拓展,150,20,0.7,,18,✅弱,0,18,✅相关,,待确认,✅通过,📌长尾词,,,📌长尾词,,,3,,,
south node in sagittarius,竞品映射,150,0,0.1,,4,✅弱,0,4,✅相关,,待确认,✅通过,⚡快速胜利,,,⚡快速胜利,,,3,,,
online birth chart calculator free,种子词拓展,150,,,,,,0,待填,✅相关,,待确认,待填,📌长尾词,,,📌长尾词,,,1,,,
north node house calculator,竞品映射,150,26,0.3,,6,✅弱,0,6,✅相关,,待确认,✅通过,📌长尾词,,,📌长尾词,,,3,,,
soulmate compatibility calculator,竞品映射,150,40,0.6,,6,⚠️中,0,6,✅相关,,待确认,✅通过,📌长尾词,,,📌长尾词,,,2,,,
aura orange,竞品映射,150,0,0.03,,18,✅弱,0,18,✅相关,,待确认,✅通过,⚡快速胜利,,,⚡快速胜利,,,3,,,
astro seek moon phase,种子词拓展,150,33,,,74,❌强,0,74,✅相关,,待确认,❌跳过,❌跳过,,,❌跳过,,,1,,,
signs of highly sensitive person,种子词拓展,150,23,,,22,✅弱,0,22,✅相关,,待确认,✅通过,📌长尾词,,,📌长尾词,,,3,,,
planet colors in order,竞品映射,150,2,0.15,,39,✅弱,0,39,✅相关,,待确认,❌跳过,❌跳过,,,❌跳过,,,3,,,
the highly sensitive person test,种子词拓展,150,20,0.2,,27,⚠️中,0,27,✅相关,,待确认,✅通过,📌长尾词,,,📌长尾词,,,2,,,
free vedic birth chart calculator,种子词拓展,150,,0.3,,,,0,待填,✅相关,,待确认,待填,📌长尾词,,,📌长尾词,,,1,,,
free astrology birth chart calculator online,种子词拓展,150,,,,,,0,待填,✅相关,,待确认,待填,📌长尾词,,,📌长尾词,,,1,,,
pluto in 4th house,竞品映射,150,0,0.04,,11,✅弱,0,11,✅相关,,待确认,✅通过,⚡快速胜利,,,⚡快速胜利,,,3,,,
free vedic astrology birth chart calculator,种子词拓展,150,,,,7,✅弱,0,7,✅相关,,待确认,✅通过,📌长尾词,,,📌长尾词,,,3,,,
what is 12th house in astrology,竞品映射,150,17,,,43,⚠️中,0,43,✅相关,,Informational,❌跳过,❌跳过,,,❌跳过,,,2,,,
career astrology,竞品映射,150,5,0.8,,0,✅弱,0,0,✅相关,,待确认,✅通过,⚡快速胜利,,,⚡快速胜利,,,3,,,
timepassages astrology,种子词拓展,150,21,,,53,❌强,0,53,✅相关,,待确认,❌跳过,❌跳过,,,❌跳过,,,1,,,
moon calendar astro seek,种子词拓展,150,11,,,74,❌强,0,74,✅相关,,待确认,❌跳过,❌跳过,,,❌跳过,,,1,,,
scorpio rising houses,竞品映射,150,0,,,17,✅弱,0,17,✅相关,,待确认,✅通过,⚡快速胜利,,,⚡快速胜利,,,3,,,
what is the ic in astrology,竞品映射,150,14,,,14,✅弱,0,14,✅相关,,Informational,✅通过,⚡快速胜利,,,⚡快速胜利,,,3,,,
birth chart calculator vedic,种子词拓展,150,39,0.6,,4,✅弱,0,4,✅相关,,待确认,✅通过,📌长尾词,,,📌长尾词,,,3,,,
traits of a highly sensitive person,种子词拓展,150,20,0.02,,30,⚠️中,0,30,✅相关,,待确认,✅通过,📌长尾词,,,📌长尾词,,,2,,,
starseed birth chart calculator,种子词拓展,150,14,0.5,,1,✅弱,0,1,✅相关,,待确认,✅通过,⚡快速胜利,,,⚡快速胜利,,,3,,,
highly sensitive person coping strategies,种子词拓展,100,2,1.1,,35,⚠️中,0,35,✅相关,,待确认,❌跳过,❌跳过,,,❌跳过,,,2,,,
nadi astrology online free,竞品映射,100,11,0.45,,2,✅弱,0,2,✅相关,,待确认,✅通过,⚡快速胜利,,,⚡快速胜利,,,3,,,
signs you're a highly sensitive person,种子词拓展,100,11,,,15,✅弱,0,15,✅相关,,待确认,✅通过,⚡快速胜利,,,⚡快速胜利,,,3,,,
birth calculator chart,种子词拓展,100,72,,,25,⚠️中,0,25,✅相关,,待确认,✅通过,📌长尾词,,,📌长尾词,,,2,,,
true node vs north node,竞品映射,100,7,,,27,✅弱,0,27,✅相关,,Commercial,✅通过,⚡快速胜利,,,⚡快速胜利,,,4,,,
vedic zodiac signs,竞品映射,100,19,0.02,,12,✅弱,0,12,✅相关,,待确认,✅通过,⚡快速胜利,,,⚡快速胜利,,,3,,,
exalted planets,竞品映射,100,8,,,16,✅弱,0,16,✅相关,,待确认,✅通过,⚡快速胜利,,,⚡快速胜利,,,3,,,
highly sensitive person therapy,种子词拓展,100,5,3,,6,❌强,0,6,✅相关,,待确认,✅通过,⚡快速胜利,,,⚡快速胜利,,,1,,,
south node in leo,竞品映射,100,0,0.06,,20,✅弱,0,20,✅相关,,待确认,✅通过,⚡快速胜利,,,⚡快速胜利,,,3,,,
benefic planets,竞品映射,100,0,,,16,✅弱,0,16,✅相关,,待确认,✅通过,⚡快速胜利,,,⚡快速胜利,,,3,,,
aura reading online,竞品映射,100,1,0.7,,10,✅弱,0,10,✅相关,,待确认,✅通过,⚡快速胜利,,,⚡快速胜利,,,3,,,
opposition in astrology,竞品映射,100,0,,,18,✅弱,0,18,✅相关,,待确认,✅通过,⚡快速胜利,,,⚡快速胜利,,,3,,,
aura color test free,竞品映射,100,4,0.06,,19,✅弱,0,19,✅相关,,待确认,✅通过,⚡快速胜利,,,⚡快速胜利,,,3,,,
how long has neptune been in pisces,竞品映射,100,3,,,12,✅弱,0,12,✅相关,,待确认,✅通过,⚡快速胜利,,,⚡快速胜利,,,3,,,
ic meaning astrology,竞品映射,100,18,,,15,✅弱,0,15,✅相关,,待确认,✅通过,⚡快速胜利,,,⚡快速胜利,,,3,,,
12 th house in astrology,竞品映射,100,18,,,11,✅弱,0,11,✅相关,,待确认,✅通过,⚡快速胜利,,,⚡快速胜利,,,3,,,
what is the midheaven in astrology,竞品映射,100,16,,,30,⚠️中,0,30,✅相关,,Informational,✅通过,⚡快速胜利,,,⚡快速胜利,,,2,,,
highly sensitive person scale,种子词拓展,100,12,0.45,,44,❌强,0,44,✅相关,,待确认,❌跳过,❌跳过,,,❌跳过,,,1,,,
virgo ascendant woman,竞品映射,100,3,,,13,✅弱,0,13,✅相关,,待确认,✅通过,⚡快速胜利,,,⚡快速胜利,,,3,,,
ic in leo,竞品映射,100,2,,,8,✅弱,0,8,✅相关,,待确认,✅通过,⚡快速胜利,,,⚡快速胜利,,,3,,,
ketu and rahu,竞品映射,100,3,,,13,✅弱,0,13,✅相关,,待确认,✅通过,⚡快速胜利,,,⚡快速胜利,,,3,,,
neptune in pisces meaning,竞品映射,100,2,,,9,✅弱,0,9,✅相关,,待确认,✅通过,⚡快速胜利,,,⚡快速胜利,,,3,,,
free online astrology birth chart calculator,种子词拓展,100,,,,48,❌强,0,48,✅相关,,待确认,❌跳过,❌跳过,,,❌跳过,,,1,,,
south node in gemini,竞品映射,100,0,0.05,,10,✅弱,0,10,✅相关,,待确认,✅通过,⚡快速胜利,,,⚡快速胜利,,,3,,,
astro seek composite,种子词拓展,100,33,,,74,❌强,0,74,✅相关,,待确认,❌跳过,❌跳过,,,❌跳过,,,1,,,
what is the ascendant in astrology,竞品映射,100,27,0.01,,41,⚠️中,0,41,✅相关,,Informational,❌跳过,❌跳过,,,❌跳过,,,2,,,
what is rahu and ketu,竞品映射,100,1,,,7,✅弱,0,7,✅相关,,Informational,✅通过,⚡快速胜利,,,⚡快速胜利,,,3,,,
leo ascendant woman,竞品映射,100,2,0.02,,13,✅弱,0,13,✅相关,,待确认,✅通过,⚡快速胜利,,,⚡快速胜利,,,3,,,
north node in astrology,竞品映射,100,25,0.02,,15,✅弱,0,15,✅相关,,待确认,✅通过,📌长尾词,,,📌长尾词,,,3,,,
cancer rising houses,竞品映射,100,5,,,18,✅弱,0,18,✅相关,,待确认,✅通过,⚡快速胜利,,,⚡快速胜利,,,3,,,
planet numbers in astrology,竞品映射,100,13,,,10,✅弱,0,10,✅相关,,待确认,✅通过,⚡快速胜利,,,⚡快速胜利,,,3,,,
astro-seek birth chart calculator online,种子词拓展,100,,,,74,❌强,0,74,✅相关,,待确认,❌跳过,❌跳过,,,❌跳过,,,1,,,
north node in taurus meaning,竞品映射,100,0,,,16,✅弱,0,16,✅相关,,待确认,✅通过,⚡快速胜利,,,⚡快速胜利,,,3,,,
what is green aura,竞品映射,100,1,0.03,,11,✅弱,0,11,✅相关,,Informational,✅通过,⚡快速胜利,,,⚡快速胜利,,,3,,,
horoscope astro seek,种子词拓展,100,9,0.09,,74,❌强,0,74,✅相关,,待确认,❌跳过,❌跳过,,,❌跳过,,,1,,,
how do you know what color your aura is,竞品映射,100,0,0.02,,15,✅弱,0,15,✅相关,,待确认,✅通过,⚡快速胜利,,,⚡快速胜利,,,3,,,
9th house in astrology represents,竞品映射,100,16,,,32,⚠️中,0,32,✅相关,,待确认,❌跳过,❌跳过,,,❌跳过,,,2,,,
astro seek cartography,种子词拓展,100,43,1.5,,74,❌强,0,74,✅相关,,待确认,❌跳过,❌跳过,,,❌跳过,,,1,,,
power hand mudra,竞品映射,100,1,,,16,⚠️中,0,16,✅相关,,待确认,✅通过,⚡快速胜利,,,⚡快速胜利,,,2,,,
1st house in astrology,竞品映射,100,11,,,39,⚠️中,0,39,✅相关,,待确认,❌跳过,❌跳过,,,❌跳过,,,2,,,
astrological birth chart calculator online,种子词拓展,100,,,,,,0,待填,✅相关,,待确认,待填,📌长尾词,,,📌长尾词,,,1,,,
north node astrology symbol,竞品映射,100,17,,,30,✅弱,0,30,✅相关,,待确认,✅通过,⚡快速胜利,,,⚡快速胜利,,,3,,,
whats my north node,竞品映射,100,24,0.3,,5,✅弱,0,5,✅相关,,待确认,✅通过,📌长尾词,,,📌长尾词,,,3,,,
rahu and ketu in astrology,竞品映射,100,0,0.1,,21,✅弱,0,21,✅相关,,待确认,✅通过,⚡快速胜利,,,⚡快速胜利,,,3,,,
elvis birth chart,竞品映射,100,2,,,10,✅弱,0,10,✅相关,,待确认,✅通过,⚡快速胜利,,,⚡快速胜利,,,3,,,
pluto square mars transit,竞品映射,100,0,0.06,,5,✅弱,0,5,✅相关,,待确认,✅通过,⚡快速胜利,,,⚡快速胜利,,,3,,,
most accurate life prediction free,竞品映射,100,20,0.7,,25,⚠️中,0,25,✅相关,,待确认,✅通过,📌长尾词,,,📌长尾词,,,2,,,
birth chart calculator online free,种子词拓展,100,,1.4,,38,❌强,0,38,✅相关,,待确认,❌跳过,❌跳过,,,❌跳过,,,1,,,
hasta nakshatra lord,竞品映射,100,0,,,13,✅弱,0,13,✅相关,,待确认,✅通过,⚡快速胜利,,,⚡快速胜利,,,3,,,
essential dignities astrology,竞品映射,100,3,,,13,✅弱,0,13,✅相关,,待确认,✅通过,⚡快速胜利,,,⚡快速胜利,,,3,,,
my aura color,竞品映射,100,3,0.04,,15,✅弱,0,15,✅相关,,待确认,✅通过,⚡快速胜利,,,⚡快速胜利,,,3,,,
lilith birth chart calculator,种子词拓展,100,,,,,,0,待填,✅相关,,待确认,待填,📌长尾词,,,📌长尾词,,,1,,,
cafe astrology compatibility,种子词拓展,100,24,0.8,,50,❌强,0,50,✅相关,,待确认,❌跳过,❌跳过,,,❌跳过,,,1,,,
vedic chart reading,竞品映射,100,22,0.6,,2,✅弱,0,2,✅相关,,待确认,✅通过,📌长尾词,,,📌长尾词,,,3,,,
virgo rising houses,竞品映射,100,0,,,7,✅弱,0,7,✅相关,,待确认,✅通过,⚡快速胜利,,,⚡快速胜利,,,3,,,
what is 9th house in astrology,竞品映射,100,9,,,36,✅弱,0,36,✅相关,,Informational,❌跳过,❌跳过,,,❌跳过,,,3,,,
professional astrologer,种子词拓展,100,19,0.9,,35,⚠️中,0,35,✅相关,,待确认,❌跳过,❌跳过,,,❌跳过,,,2,,,
saturn trine pluto,竞品映射,100,0,,,22,⚠️中,0,22,✅相关,,待确认,✅通过,⚡快速胜利,,,⚡快速胜利,,,2,,,
cancer ascendant woman,竞品映射,100,1,0.02,,13,✅弱,0,13,✅相关,,待确认,✅通过,⚡快速胜利,,,⚡快速胜利,,,3,,,
what is trine in astrology,竞品映射,100,7,,,27,✅弱,0,27,✅相关,,Informational,✅通过,⚡快速胜利,,,⚡快速胜利,,,3,,,
neptune pisces,竞品映射,100,1,0.04,,9,✅弱,0,9,✅相关,,待确认,✅通过,⚡快速胜利,,,⚡快速胜利,,,3,,,
chani birth chart calculator,种子词拓展,100,,,,,,0,待填,✅相关,,待确认,待填,📌长尾词,,,📌长尾词,,,1,,,
astro.com natal chart birth chart calculator,种子词拓展,100,,,,,,0,待填,✅相关,,待确认,待填,📌长尾词,,,📌长尾词,,,1,,,
astrosage vedic birth chart calculator,种子词拓展,100,,,,,,0,待填,✅相关,,待确认,待填,📌长尾词,,,📌长尾词,,,1,,,
how to interpret solar return chart,竞品映射,100,2,,,18,✅弱,0,18,✅相关,,Informational,✅通过,⚡快速胜利,,,⚡快速胜利,,,3,,,
birth chart calculator astro seek,种子词拓展,100,,,,74,❌强,0,74,✅相关,,待确认,❌跳过,❌跳过,,,❌跳过,,,1,,,
twin flame birth chart calculator free,种子词拓展,100,12,0.35,,3,✅弱,0,3,✅相关,,待确认,✅通过,⚡快速胜利,,,⚡快速胜利,,,3,,,
mars square pluto transit,竞品映射,100,0,,,24,⚠️中,0,24,✅相关,,待确认,✅通过,⚡快速胜利,,,⚡快速胜利,,,2,,,
full birth chart calculator,种子词拓展,100,74,0.2,,25,⚠️中,0,25,✅相关,,待确认,✅通过,📌长尾词,,,📌长尾词,,,2,,,
human design calculator birth chart,种子词拓展,100,,,,,,0,待填,✅相关,,待确认,待填,📌长尾词,,,📌长尾词,,,1,,,
vedic astrology calculator free,竞品映射,100,36,0.5,,7,✅弱,0,7,✅相关,,待确认,✅通过,📌长尾词,,,📌长尾词,,,3,,,
swiss ephemeris online birth chart calculator,种子词拓展,100,,,,,,0,待填,✅相关,,待确认,待填,📌长尾词,,,📌长尾词,,,1,,,
aura red,竞品映射,100,0,0.01,,5,✅弱,0,5,✅相关,,待确认,✅通过,⚡快速胜利,,,⚡快速胜利,,,3,,,
ascendent sign meaning,竞品映射,100,39,0.01,,41,✅弱,0,41,✅相关,,待确认,❌跳过,❌跳过,,,❌跳过,,,3,,,
horoscopes astro seek,种子词拓展,100,30,0.15,,74,❌强,0,74,✅相关,,待确认,❌跳过,❌跳过,,,❌跳过,,,1,,,
highly sensitive person quotes,种子词拓展,100,0,0.15,,7,⚠️中,0,7,✅相关,,待确认,✅通过,⚡快速胜利,,,⚡快速胜利,,,2,,,
what planet rules scorpio rising,竞品映射,100,2,,,50,⚠️中,0,50,✅相关,,待确认,❌跳过,❌跳过,,,❌跳过,,,2,,,
online aura reading,竞品映射,100,3,0.6,,9,⚠️中,0,9,✅相关,,待确认,✅通过,⚡快速胜利,,,⚡快速胜利,,,2,,,
astrology trine,竞品映射,100,11,0.2,,21,✅弱,0,21,✅相关,,待确认,✅通过,⚡快速胜利,,,⚡快速胜利,,,3,,,
find my north node,竞品映射,100,28,0.7,,6,✅弱,0,6,✅相关,,待确认,✅通过,📌长尾词,,,📌长尾词,,,3,,,
soulmate birth chart calculator,种子词拓展,100,22,0.35,,20,✅弱,0,20,✅相关,,待确认,✅通过,📌长尾词,,,📌长尾词,,,3,,,
how to find out your aura color,竞品映射,100,0,0.03,,22,✅弱,0,22,✅相关,,Informational,✅通过,⚡快速胜利,,,⚡快速胜利,,,3,,,
tropical birth chart calculator,种子词拓展,100,69,1.1,,12,⚠️中,0,12,✅相关,,待确认,✅通过,📌长尾词,,,📌长尾词,,,2,,,
vedic astrology ai,种子词拓展,100,26,,,3,⚠️中,0,3,✅相关,,待确认,✅通过,📌长尾词,,,📌长尾词,,,2,,,
sidereal astrology birth chart calculator,种子词拓展,100,,,,,,0,待填,✅相关,,待确认,待填,📌长尾词,,,📌长尾词,,,1,,,
saturn transit 7th house,竞品映射,100,0,,,20,⚠️中,0,20,✅相关,,待确认,✅通过,⚡快速胜利,,,⚡快速胜利,,,2,,,
astrology opposition,竞品映射,100,0,,,18,✅弱,0,18,✅相关,,待确认,✅通过,⚡快速胜利,,,⚡快速胜利,,,3,,,
astro seek numerology,种子词拓展,100,36,,,74,❌强,0,74,✅相关,,待确认,❌跳过,❌跳过,,,❌跳过,,,1,,,
what's my aura color,竞品映射,100,4,0.05,,21,⚠️中,0,21,✅相关,,待确认,✅通过,⚡快速胜利,,,⚡快速胜利,,,2,,,
what to do on a full moon spiritually,竞品映射,100,7,,,23,✅弱,0,23,✅相关,,待确认,✅通过,⚡快速胜利,,,⚡快速胜利,,,3,,,
what is asc in astrology,内容缺口,50,15,,,30,✅弱,0,30,✅相关,,Informational,✅通过,⚡快速胜利,,,⚡快速胜利,,,3,,,
astrologer reading,内容缺口,40,28,0.8,,8,✅弱,0,8,✅相关,,待确认,✅通过,📌长尾词,,,📌长尾词,,,3,,,
professional astrology reading,内容缺口,30,32,2.5,,17,✅弱,0,17,✅相关,,待确认,✅通过,📌长尾词,,,📌长尾词,,,3,,,
what house is mars in,内容缺口,30,4,,,33,✅弱,0,33,✅相关,,待确认,❌跳过,❌跳过,,,❌跳过,,,3,,,
professional astrology readings,内容缺口,30,21,2.5,,12,✅弱,0,12,✅相关,,待确认,✅通过,📌长尾词,,,📌长尾词,,,3,,,
professional birth chart reading,内容缺口,30,27,1.3,,25,✅弱,0,25,✅相关,,待确认,✅通过,📌长尾词,,,📌长尾词,,,3,,,
saturn in natal chart,内容缺口,20,21,,,34,✅弱,0,34,✅相关,,待确认,❌跳过,❌跳过,,,❌跳过,,,3,,,
mercury birth chart,内容缺口,10,14,0.35,,39,⚠️中,0,39,✅相关,,待确认,❌跳过,❌跳过,,,❌跳过,,,2,,,
professional natal chart reading,内容缺口,,30,1.6,,26,✅弱,0,26,✅相关,,待确认,✅通过,📌长尾词,,,📌长尾词,,,3,,,
natal chart reading professional,内容缺口,,17,1.2,,25,✅弱,0,25,✅相关,,待确认,✅通过,📌长尾词,,,📌长尾词,,,3,,,
birth chart calculator sun,种子词拓展,,,,,,,0,待填,✅相关,,待确认,待填,,,,,,,1,,,