关键词,来源,月搜索量,KD
agency rank tracking,竞品映射,4200,3
why use a backlink monitor tool,竞品映射,300,0
free white label seo report,竞品映射,350,24
web 2.0 sites,竞品映射,150,1
google maps scrapper,竞品映射,150,0
white label keyword research,竞品映射,900,2
whitelabel seo tool,竞品映射,600,11
white label seo scan,竞品映射,250,12
free white label seo,竞品映射,150,12
websites like reddit,竞品映射,800,2
keyword tool bulk,竞品映射,150,39
bulk keyword search volume,竞品映射,150,8
bulk search volume,竞品映射,100,8
bulk keyword volume checker,竞品映射,200,12
instagram seo tool,竞品映射,200,8
free press release submission sites,竞品映射,100,38
tracking for seo agency,竞品映射,150,7
gmb scraper,竞品映射,70,30
instagram seo tools,竞品映射,100,12
web 2.0 sites list,竞品映射,100,0
sites like reddit,竞品映射,1400,3
bulk search volume checker,竞品映射,100,26
seo white labeled ranking tool,竞品映射,70,1
tiktok seo tool,竞品映射,500,30
like reddit,竞品映射,100,1
organic search tools,竞品映射,100,28
commercial intent tool,竞品映射,90,7
web 2.0 websites,竞品映射,90,1
bulk keyword volume,竞品映射,60,8
screamingfrog alternative,竞品映射,70,1
tracking for seo agencies,竞品映射,80,1
free seo software mac,竞品映射,700,23
lsi keywords software,竞品映射,700,21
seo tool for tiktok,竞品映射,60,12
bing rank checker,竞品映射,1100,3
keyword rank tracking video,竞品映射,700,0
seo tool mac,竞品映射,300,1
seo competitor research tool,竞品映射,600,24
white label seo analysis tool,竞品映射,900,9
mac seo tool,竞品映射,900,21
free seo company,竞品映射,600,1
domain overview,竞品映射,1400,25
lsi keywords generator,竞品映射,800,37
seo tool for mac,竞品映射,90,0
bing ranking checker,竞品映射,450,3
seo tools for mac,竞品映射,150,28
social bookmarking sites,竞品映射,600,6
free social bookmarking sites list,竞品映射,50,3
ethical seo,竞品映射,900,5
ethical seo company,竞品映射,300,15
ethical seo services,竞品映射,450,12
ethical seo agency,竞品映射,100,4
saas seo platform,竞品映射,800,1
ethical seo company usa,竞品映射,100,25
ethical seo consulting,竞品映射,100,17
saas seo agency,竞品映射,2400,6
outsource link building services,竞品映射,200,6
seo saas tools,竞品映射,300,0
saas seo tools,竞品映射,300,0
outsourced link building,竞品映射,200,2
saas seo tool,竞品映射,200,1
how to outsource link building,竞品映射,150,2
link building outsourcing,竞品映射,100,2
seo agency for saas,竞品映射,600,2
online pr tools,竞品映射,70,4
seo agency for saas companies,竞品映射,700,3
seo tallinn,竞品映射,50,0
organic seo services,竞品映射,2200,1
seo company for saas,竞品映射,450,2
organic seo services company,竞品映射,1100,6
organic seo service,竞品映射,600,5
seo outreach agency,竞品映射,700,3
seo submission software,竞品映射,800,6
ethical seo,内容缺口,900,5
saas seo platform,内容缺口,800,1
firma seo,内容缺口,800,53
seo report card tool,内容缺口,800,82
seo submission software,内容缺口,800,6
ethical seo services,内容缺口,450,12
free white label seo report,内容缺口,350,24
why use a backlink monitor tool,内容缺口,300,0
ethical seo company,内容缺口,300,15
video seo keyword rank tracker,内容缺口,250,68
saas seo tool,内容缺口,200,1
outsource link building services,内容缺口,200,6
instagram seo tool,内容缺口,200,8
free white label seo,内容缺口,150,12
instagram seo tools,内容缺口,100,12
bulk search volume checker,内容缺口,100,26
ethical seo company usa,内容缺口,100,25
ethical seo consulting,内容缺口,100,17
commercial intent keyword tool,内容缺口,100,81
web 2.0 sites list,内容缺口,100,0
free press release submission sites,内容缺口,100,38
ethical seo agency,内容缺口,100,4
best press release sites,内容缺口,100,89
like reddit,内容缺口,100,1
commercial intent tool,内容缺口,90,7
tracking for seo agencies,内容缺口,80,1
gmb scraper,内容缺口,70,30
free social bookmarking sites list,内容缺口,50,3
tiktok seo tool free,内容缺口,40,26
web 2.0 list,内容缺口,30,0
web 2.0 blogs,内容缺口,20,1
seo éthique,内容缺口,20,12
top 100 social bookmarking sites,内容缺口,20,12
seo eesti,内容缺口,20,0
seo cég erdély,内容缺口,10,35
web 2.0 listing,内容缺口,10,1
top 50 social bookmarking sites list,内容缺口,10,5
bookmarking sites examples,内容缺口,10,10
sistrix hashtag generator,内容缺口,10,9
press release submission sites list,内容缺口,10,0
tallinn seo,内容缺口,0,0
searchvolume_test5,内容缺口,0,83
searchvolume_test13,内容缺口,0,77
instagram seo generator,内容缺口,0,49
technical seo audit service,种子词拓展,1700,2
seo for saas,种子词拓展,1600,7
technical seo audit checklist,种子词拓展,1600,7
technical seo audit services,种子词拓展,1300,0
seo technical audit checklist,种子词拓展,1200,17
seo for saas companies,种子词拓展,1100,2
seo technical audit service,种子词拓展,1000,0
content automation,种子词拓展,900,5
startup seo,种子词拓展,900,10
best ai seo tool,种子词拓展,700,7
how to conduct a technical seo site audit,种子词拓展,700,22
seo agency for saas companies,种子词拓展,700,7
content marketing automation,种子词拓展,700,5
saas seo strategy,种子词拓展,700,9
seo agency for saas,种子词拓展,700,1
saas seo platform,种子词拓展,600,1
seo startup,种子词拓展,600,10
seo company for saas,种子词拓展,600,2
ai content automation,种子词拓展,600,10
seo for startup business,种子词拓展,500,14
content automation platform,种子词拓展,500,13
seo startup companies,种子词拓展,500,12
sogal black founder startup grant,种子词拓展,450,1
what is a technical audit for seo website,种子词拓展,450,6
stealth startup founder,种子词拓展,450,2
seo consulting for saas companies,种子词拓展,400,2
webris technical seo audit,种子词拓展,400,2
startup founder,种子词拓展,400,12
technical site audit guide seo,种子词拓展,400,2
startup seo services,种子词拓展,350,0
seo for saas company,种子词拓展,350,6
seo for b2b saas,种子词拓展,350,2
technical seo audit template,种子词拓展,350,4
seo technical audit services,种子词拓展,350,2
seo strategy for saas,种子词拓展,300,4
technical seo for saas,种子词拓展,300,1
content creation automation,种子词拓展,300,5
startup seo consultant,种子词拓展,300,0
seo marketing for saas companies,种子词拓展,250,0
seo for saas startups,种子词拓展,250,3
seo strategies for saas,种子词拓展,250,4
seo for startup,种子词拓展,250,8
content marketing automation tools,种子词拓展,250,10
what is a technical seo audit,种子词拓展,200,1
security content automation protocol,种子词拓展,200,5
how to perform a technical seo audit,种子词拓展,200,3
content automation seo,种子词拓展,200,7
what is technical seo audit,种子词拓展,200,3
technical seo audit consultant,种子词拓展,200,0
best all in one seo tool,种子词拓展,200,16
seo for a startup company,种子词拓展,200,6
how to improve seo for saas companies,种子词拓展,200,2
seo agencies for saas,种子词拓展,200,2
how to do a technical seo audit,种子词拓展,200,24
seo content for saas,种子词拓展,200,6
seo technical audit moz,种子词拓展,200,19
content automation tools,种子词拓展,200,12
seo consultant for saas,种子词拓展,200,0
moz,种子词拓展,16000,22
goseboze ai tools,种子词拓展,11000,0
spellmistake seo tools,种子词拓展,6800,1
search atlas,种子词拓展,6200,14
seo audit services,种子词拓展,5500,12
search engine positioning,种子词拓展,5200,15
seo reporting,种子词拓展,4700,26
seo reporting tools,种子词拓展,3900,14
seo content strategy,种子词拓展,3700,11
seo content marketing,种子词拓展,3700,30
saas seo agency,种子词拓展,3400,6
b2b seo,种子词拓展,3400,5
seo web design,种子词拓展,3200,20
seo reporting software,种子词拓展,3100,12
seo audit checklist,种子词拓展,3100,3
seo plan,种子词拓展,2900,9
seo automation,种子词拓展,2600,12
seo monitoring,种子词拓展,2600,14
whats seo,种子词拓展,2500,7
saas seo,种子词拓展,2400,9
agency seo software,种子词拓展,2300,13
content marketing seo,种子词拓展,2300,29
seo app,种子词拓展,2000,30
local seo audit,种子词拓展,2000,12
co-founder,种子词拓展,2000,2
seo auditing services,种子词拓展,1900,12
se ranking review,种子词拓展,1900,26
https seo,种子词拓展,1900,26
best rank tracking software,种子词拓展,1900,9
seo html,种子词拓展,1800,21
seo content audit,种子词拓展,1800,12
cheap seo,种子词拓展,1800,7
best ai seo tools,种子词拓展,1800,13
moz pricing,种子词拓展,1800,29
seo for startups,种子词拓展,1700,7
seoptimer,种子词拓展,1700,16
seo automation tools,种子词拓展,1700,22
seo example,种子词拓展,1700,6
automated seo,种子词拓展,1700,11
technical seo audit service,种子词拓展,1700,2
seo principles,种子词拓展,1700,4
seo platform for agencies,种子词拓展,1700,4
measure seo,种子词拓展,1600,28
html seo,种子词拓展,1600,22
best seo management software,种子词拓展,1600,25
seo friendly,种子词拓展,1600,8
seo audit company,种子词拓展,1600,22
diy seo,种子词拓展,1600,19
seo positioning,种子词拓展,1600,13
seranking pricing,种子词拓展,1600,26
seo for saas,种子词拓展,1600,7
app seo,种子词拓展,1600,11
technical seo audit checklist,种子词拓展,1600,7
saas seo services,种子词拓展,1500,6
website design seo,种子词拓展,1500,12
seo for articles,种子词拓展,1500,24
seo tools for agencies,种子词拓展,1500,10
ecommerce seo audit,种子词拓展,1500,3
all in one seo,种子词拓展,1500,8
moz trial,种子词拓展,1500,12
best seo tracking software,种子词拓展,1400,30
automated seo tools,种子词拓展,1400,14
seo languages,种子词拓展,1400,24
seo apps,种子词拓展,1400,25
reporting seo,种子词拓展,1400,21
best keywords for seo,种子词拓展,1400,12
automated seo monitoring,种子词拓展,1400,8
serankings,种子词拓展,1400,12
seo toolkit,种子词拓展,1300,26
seo tools comparison,种子词拓展,1300,25
how to choose seo keywords,种子词拓展,1300,27
seo for new website,种子词拓展,1300,14
seo targets,种子词拓展,1300,5
best seo tools for agencies,种子词拓展,1300,11
seo content marketing strategy,种子词拓展,1300,20
best seo marketing software,种子词拓展,1300,27
technical seo audit services,种子词拓展,1300,0
what is the best seo tool,种子词拓展,1300,21
how to do seo yourself,种子词拓展,1300,5
what is seo audit,种子词拓展,1300,22
seo tasks,种子词拓展,1300,5
seo analytics reporting,种子词拓展,1300,9
seo reports software,种子词拓展,1300,20
seo friendly website,种子词拓展,1300,7
best seo reporting tool,种子词拓展,1300,11
seo pdf,种子词拓展,1300,6
seo lists,种子词拓展,1200,29
track seo,种子词拓展,1200,9
what is moz,种子词拓展,1200,3
technical seo audits,种子词拓展,1200,3
seo technical audit checklist,种子词拓展,1200,17
how to do a website audit,种子词拓展,1200,6
seo ranking reporting software,种子词拓展,1200,27
seo elements,种子词拓展,1200,26
seo marketing plan,种子词拓展,1200,27
white label seo analysis tool,种子词拓展,1200,9
what are the best keywords for seo,种子词拓展,1200,14
content seo strategy,种子词拓展,1200,13
seo listing,种子词拓展,1200,30
software ranking tools for an seo/web agency,种子词拓展,1200,11
which keywords to use for seo,种子词拓展,1100,7
seo website development,种子词拓展,1100,14
seo for saas companies,种子词拓展,1100,2
moz pro pricing,种子词拓展,1100,24
automate seo,种子词拓展,1100,19
free seo consultation,种子词拓展,1100,0
agency rank tracking software,种子词拓展,1100,6
search engine ranking reports,种子词拓展,1100,2
seo submission software,种子词拓展,1100,6
enterprise saas seo,种子词拓展,1100,2
seo progress,种子词拓展,1100,4
seo enterprise tools,种子词拓展,1100,17
seo web development,种子词拓展,1100,6
seo saas,种子词拓展,1100,13
seo potential,种子词拓展,1100,25
custom seo reports,种子词拓展,1000,14
homepage seo,种子词拓展,1000,9
best tools for seo agency,种子词拓展,1000,27
targeted seo,种子词拓展,1000,12
new website seo,种子词拓展,1000,17
how to audit a website,种子词拓展,1000,11
product seo,种子词拓展,1000,22
seo software for an agency,种子词拓展,1000,9
seo for technology companies,种子词拓展,1000,0
seo in website development,种子词拓展,1000,12
automatic seo,种子词拓展,1000,21
seo services google,种子词拓展,1000,25
seo agency management software,种子词拓展,1000,3
seo report for client,种子词拓展,1000,21
otto seo,种子词拓展,1000,14
seo for product pages,种子词拓展,1000,14
managing seo,种子词拓展,1000,14
how to add seo keywords in html,种子词拓展,1000,15
best seo software for agencies free trial,种子词拓展,1000,7
seo text,种子词拓展,1000,29
seo developer,种子词拓展,1000,0
seo acronyms,种子词拓展,1000,1
seo posting,种子词拓展,1000,15
href seo,种子词拓展,1000,2
automated seo report,种子词拓展,1000,19
self seo,种子词拓展,1000,5
tool rank,种子词拓展,1000,0
seo integration,种子词拓展,1000,3
seo objective,种子词拓展,1000,13
which ai enabled tools should i use dtrgstech,种子词拓展,1000,0
best seo tools for small businesses,种子词拓展,1000,21
seo diagram,种子词拓展,1000,0
seo tools for mac,种子词拓展,1000,28
seo for bloggers,种子词拓展,1000,17
seo in website design,种子词拓展,1000,7
seo benchmarking,种子词拓展,1000,4
corporate seo,种子词拓展,1000,19
seo publishing,种子词拓展,900,10
google analytics search engine optimization,种子词拓展,900,19
content creation for seo,种子词拓展,900,24
seo abilities,种子词拓展,900,10
sitechecker,种子词拓展,900,15
seo tool comparison,种子词拓展,900,29
seo for blog,种子词拓展,900,28
best seo report software,种子词拓展,900,12
content automation,种子词拓展,900,5
blog posts seo,种子词拓展,900,22
best tools for seo agencies,种子词拓展,900,48
affordable seo tools,种子词拓展,900,15
saas seo consultant,种子词拓展,900,3
integrated seo,种子词拓展,900,0
saas seo company,种子词拓展,900,6
web designing and seo,种子词拓展,900,7
seo google sites,种子词拓展,900,11
google seo meta keywords,种子词拓展,900,19
seo web analytics,种子词拓展,900,11
seo google adwords,种子词拓展,900,8
seo and web development,种子词拓展,900,3
sem ranking,种子词拓展,900,18
seo foundations,种子词拓展,900,9
top 10 seo tools,种子词拓展,900,30
seo reporting analytics,种子词拓展,900,9
seo diy,种子词拓展,900,14
pdf seo,种子词拓展,900,5
startup seo,种子词拓展,900,10
seo ready,种子词拓展,800,0
seo expert advice,种子词拓展,800,26
advanced seo tools,种子词拓展,800,17
seo on google sites,种子词拓展,800,7
seo company management software,种子词拓展,800,1
seo reporting platform,种子词拓展,800,14
seo sample,种子词拓展,800,4
what is seo website design,种子词拓展,800,6
seo new website,种子词拓展,800,5
examples of seo,种子词拓展,800,26
smarter seo,种子词拓展,800,18
best platform for seo,种子词拓展,800,24
seo navigation,种子词拓展,800,16
seo agency for software companies,种子词拓展,800,2
seo terminologies,种子词拓展,800,5
seo coding,种子词拓展,800,10
semrush site audit tool,种子词拓展,800,28
seo checklist for new websites,种子词拓展,800,9
b2b saas seo,种子词拓展,800,2
seo tools reporting tool,种子词拓展,800,11
seo task,种子词拓展,800,5
best ai tools for seo,种子词拓展,800,28
basic seo report,种子词拓展,800,4
seo audit companies,种子词拓展,800,18
search engine optimization example,种子词拓展,800,15
web design with seo,种子词拓展,800,5
b2b saas seo agency,种子词拓展,800,4
seo for business owners,种子词拓展,800,28
seo software for small business,种子词拓展,800,8
seo reporting software reviews,种子词拓展,800,12
seo automated,种子词拓展,800,12
content optimization tools,种子词拓展,800,14
se ranking price,种子词拓展,800,28
seo not provided,种子词拓展,800,1
se ranking prices,种子词拓展,800,26
seo website content,种子词拓展,800,30
example of seo,种子词拓展,800,10
all seo software,种子词拓展,800,28
seo company reading,种子词拓展,800,2
tag optimization,种子词拓展,700,8
seo content keywords,种子词拓展,700,26
moz.,种子词拓展,700,20
automation seo,种子词拓展,700,10
seo google ads,种子词拓展,700,22
best ai seo tool,种子词拓展,700,7
how to conduct a technical seo site audit,种子词拓展,700,22
seo agency for saas companies,种子词拓展,700,7
moz pro trial,种子词拓展,700,5
seo for web designers,种子词拓展,700,5
software for seo agencies,种子词拓展,700,14
best seo ranking reports,种子词拓展,700,4
high search engine ranking optimization,种子词拓展,700,18
saas seo consulting,种子词拓展,700,2
mastering seo,种子词拓展,700,3
homepage seo tips,种子词拓展,700,21
seo code,种子词拓展,700,3
seo channels,种子词拓展,700,2
cheapest seo tools,种子词拓展,700,11
content marketing automation,种子词拓展,700,5
gumloop ai,种子词拓展,700,4
seo auto,种子词拓展,700,12
sem rank,种子词拓展,700,26
search engine optimization project plan,种子词拓展,700,4
seo campaign management software,种子词拓展,700,1
metrics for seo,种子词拓展,700,28
how to create keywords for seo,种子词拓展,700,11
mac seo tool,种子词拓展,700,21
saas seo strategy,种子词拓展,700,9
home seo,种子词拓展,700,12
moz seo pricing,种子词拓展,700,28
url optimization,种子词拓展,700,9
search engine optimization software reviews,种子词拓展,700,26
seo challenges,种子词拓展,700,6
seo automation platform,种子词拓展,700,15
content audit tool,种子词拓展,700,17
seo driven content,种子词拓展,700,25
automated content creation,种子词拓展,700,5
pages seo,种子词拓展,700,17
best white label seo tool,种子词拓展,700,1
seo tools for digital agencies,种子词拓展,700,8
seo webdesign,种子词拓展,700,28
seo agency for saas,种子词拓展,700,1
master seo,种子词拓展,700,14
cms seo,种子词拓展,700,5
seo for new websites,种子词拓展,700,18
google seo adwords,种子词拓展,700,24
seo management software for agencies,种子词拓展,600,9
saas seo platform,种子词拓展,600,1
reviews for seo,种子词拓展,600,18
auto seo,种子词拓展,600,5
seo marketing report,种子词拓展,600,6
seo for developers,种子词拓展,600,25
seo strategy example,种子词拓展,600,10
all in one seo google analytics,种子词拓展,600,2
modern seo,种子词拓展,600,6
what is moz in seo,种子词拓展,600,4
saas seo expert,种子词拓展,600,1
best cheap seo tools,种子词拓展,600,18
best seo paid tools,种子词拓展,600,10
seo marketing campaign,种子词拓展,600,9
seo tool for mac,种子词拓展,600,0
element seo,种子词拓展,600,23
seo reporting tool for seo companies,种子词拓展,600,12
seo reporting solutions,种子词拓展,600,13
international seo audit,种子词拓展,600,12
seo checklist for new website,种子词拓展,600,29
saas seo tools,种子词拓展,600,0
automating seo,种子词拓展,600,9
seo for google sites,种子词拓展,600,4
powerful seo,种子词拓展,600,23
wordpress seo audit,种子词拓展,600,12
seo product pages,种子词拓展,600,8
moz pro cost,种子词拓展,600,30
seo do,种子词拓展,600,4
cost effective seo services,种子词拓展,600,9
principles of seo,种子词拓展,600,12
saas seo agencies,种子词拓展,600,2
small business seo tools,种子词拓展,600,9
web development seo,种子词拓展,600,4
seo friendly websites,种子词拓展,600,9
seo tools for small business,种子词拓展,600,5
how to start seo business,种子词拓展,600,2
web development seo services,种子词拓展,600,10
seo rules,种子词拓展,600,30
seo in html code,种子词拓展,600,7
seo report api,种子词拓展,600,5
meta tag keywords seo,种子词拓展,600,20
types of keywords in seo,种子词拓展,600,22
saas marketing seo,种子词拓展,600,15
seo tips for small businesses,种子词拓展,600,9
seo categories,种子词拓展,600,30
need seo,种子词拓展,600,21
seo location,种子词拓展,600,26
seo startup,种子词拓展,600,10
seo formulas,种子词拓展,600,0
what seo keywords to use,种子词拓展,600,11
seo documentation,种子词拓展,600,22
how to do your own seo,种子词拓展,600,13
seo tools for seo agencies,种子词拓展,600,15
positioning seo,种子词拓展,600,6
seo company for saas,种子词拓展,600,2
seo platform cloud,种子词拓展,600,13
best keywords to use for seo,种子词拓展,600,12
best enterprise seo software,种子词拓展,600,9
rank tracking for enterprise seo,种子词拓展,600,3
ai content automation,种子词拓展,600,10
ranking tool online,种子词拓展,600,11
co founder meaning,种子词拓展,600,4
navigation seo,种子词拓展,600,2
free ranking software,种子词拓展,600,26
diy search engine optimization,种子词拓展,600,20
content optimization platform,种子词拓展,600,12
agencies seo platform,种子词拓展,600,13
seo tool for agencies,种子词拓展,600,9
best google seo,种子词拓展,600,25
seo report software,种子词拓展,500,13
aio seo,种子词拓展,500,24
all in seo,种子词拓展,500,6
how to add keywords to website for google,种子词拓展,500,9
add keywords to website,种子词拓展,500,8
website design with seo,种子词拓展,500,12
seo wording,种子词拓展,500,6
best rank tracker with api,种子词拓展,500,3
search engine optimization examples,种子词拓展,500,30
seo http,种子词拓展,500,12
seo source code,种子词拓展,500,23
seo based content writing,种子词拓展,500,29
keywords best practices,种子词拓展,500,12
seo software for agency,种子词拓展,500,28
using keywords for search engines,种子词拓展,500,6
best seo report tools,种子词拓展,500,26
best all in one seo tools,种子词拓展,500,5
seo for startup business,种子词拓展,500,14
search experience optimization,种子词拓展,500,5
ecommerce seo site audit,种子词拓展,500,7
developer seo,种子词拓展,500,1
search engine optimization keywords examples,种子词拓展,500,7
content automation platform,种子词拓展,500,13
natural search engine optimization,种子词拓展,500,5
affordable seo software,种子词拓展,500,8
seo workflow,种子词拓展,500,12
audit technique seo,种子词拓展,500,11
seo content optimization tools,种子词拓展,500,26
do your own seo,种子词拓展,500,3
where do keywords go in a website,种子词拓展,500,12
software search engine marketing,种子词拓展,500,10
seo promotion,种子词拓展,500,24
dyi seo,种子词拓展,500,20
best seo analytics tools,种子词拓展,500,18
all in on seo,种子词拓展,500,10
best automated seo tools,种子词拓展,500,20
best on page seo analysis tools,种子词拓展,500,28
google seo guidelines,种子词拓展,500,27
seo links on page,种子词拓展,500,14
how to add keywords to your website for google search,种子词拓展,500,30
acronyms seo,种子词拓展,500,1
html keywords search engines,种子词拓展,500,16
real seo reporting tool,种子词拓展,500,12
content for seo services,种子词拓展,500,2
seo analysis report pdf,种子词拓展,500,1
search engine optimization for dummies,种子词拓展,500,5
adding seo to website,种子词拓展,500,30
seo self,种子词拓展,500,4
what is moz?,种子词拓展,500,1
best keywords for search engines,种子词拓展,500,15
seo guide google,种子词拓展,500,12
search engine optimization how to do it yourself,种子词拓展,500,14
top seo reporting tools,种子词拓展,500,17
best daily rank tracking software for seo,种子词拓展,500,10
how to do seo on your own,种子词拓展,500,4
manual seo service,种子词拓展,500,3
seo enterprise software,种子词拓展,500,15
search engine optimization package,种子词拓展,500,2
what is seo testing,种子词拓展,450,16
seo whitepaper,种子词拓展,450,1
l seo reporting tools,种子词拓展,450,18
how do you integrate seo into your content,种子词拓展,450,3
seo tools for beginners,种子词拓展,450,7
best seo automation tools,种子词拓展,450,27
seo keyword marketing,种子词拓展,450,28
new site seo,种子词拓展,450,3
seo platform for enterprises,种子词拓展,450,15
seo starter package,种子词拓展,450,17
seo google business,种子词拓展,450,12
where to put keywords for seo,种子词拓展,450,12
best seo audit software,种子词拓展,450,24
seo optimization keywords,种子词拓展,450,7
site analysis tool,种子词拓展,450,24
search engine optimization and search engine marketing,种子词拓展,450,25
saas technical seo,种子词拓展,450,2
rank tracking tool for agencies,种子词拓展,450,6
cheap seo report,种子词拓展,450,21
seo best practices 2020,种子词拓展,450,1
saas seo service,种子词拓展,450,0
increase traffic to website,种子词拓展,450,19
what is a technical audit for seo website,种子词拓展,450,6
website builder seo,种子词拓展,450,14
seo how many keywords,种子词拓展,450,9
seo for a new website,种子词拓展,450,12
keyword in url seo,种子词拓展,450,25
seo client reporting tools,种子词拓展,450,7
target keywords for seo,种子词拓展,450,10
enterprise search engine optimization software,种子词拓展,450,7
se ranking keyword research,种子词拓展,450,28
it seo,种子词拓展,450,30
best ai seo tools 2024,种子词拓展,450,10
seo friendly website development,种子词拓展,450,2
do it yourself seo,种子词拓展,450,6
seo audit api,种子词拓展,450,1
professional seo audit services,种子词拓展,450,10
apply seo,种子词拓展,450,6
keywords in url for seo,种子词拓展,450,7
seo software reviews 2011,种子词拓展,450,0
all in one seo software with recommendations,种子词拓展,450,23
seo and blogging,种子词拓展,450,10
top 10 search engine optimization tools,种子词拓展,450,27
manage seo client ranking,种子词拓展,450,0
new seo platform,种子词拓展,450,15
professional seo report,种子词拓展,450,4
seo documents,种子词拓展,450,23
seo audit price,种子词拓展,450,10
add keywords to your website,种子词拓展,450,1
search engine optimization audit services,种子词拓展,450,13
seo based content,种子词拓展,450,30
what is moz pro,种子词拓展,450,17
semrush alternative free,种子词拓展,450,7
domain search engine optimization,种子词拓展,450,11
seo html code,种子词拓展,450,18
google search engine optimization keywords,种子词拓展,450,7
where to add keywords to your website,种子词拓展,450,2
cofounder or co-founder,种子词拓展,450,2
seo first page,种子词拓展,450,22
what is a seo report,种子词拓展,400,5
seo tips 2019,种子词拓展,400,0
adding keywords to my website,种子词拓展,400,1
better search engine placement,种子词拓展,400,8
seranking support,种子词拓展,400,23
search marketing automation,种子词拓展,400,4
cheap search engine optimization automation,种子词拓展,400,27
seo for web developers,种子词拓展,400,5
search engine optimization goals,种子词拓展,400,9
search engine optimization reporting,种子词拓展,400,19
content driven seo,种子词拓展,400,12
best ai for seo,种子词拓展,400,19
search engine optimization plans,种子词拓展,400,7
seo audits services,种子词拓展,400,4
digital marketing seo keywords,种子词拓展,400,4
do keywords help seo,种子词拓展,400,8
best tools for seo for b2b,种子词拓展,400,0
places to put keywords on your site,种子词拓展,400,4
setting keywords for seo,种子词拓展,400,12
whitepaper seo,种子词拓展,400,0
how to add google keywords to your site,种子词拓展,400,30
website optimization keywords,种子词拓展,400,6
best metrics for website seo,种子词拓展,400,13
diy seo software,种子词拓展,400,3
seo diagrams,种子词拓展,400,14
website development and seo,种子词拓展,400,4
how to get to top of google search,种子词拓展,400,29
moz signup,种子词拓展,400,26
search engine optimization automation,种子词拓展,400,11
domain name seo,种子词拓展,400,14
best seo metric software,种子词拓展,400,24
seo best practices 2022,种子词拓展,400,26
improve seo for your website,种子词拓展,400,24
seo one page website,种子词拓展,400,12
seo important metrics,种子词拓展,400,12
new website seo strategy,种子词拓展,400,18
seo marketing plans,种子词拓展,400,29
saas seo guide,种子词拓展,400,8
seo consulting for saas companies,种子词拓展,400,2
how to get website on google first page,种子词拓展,400,5
enterprise seo saas,种子词拓展,400,5
how to add seo keywords to your website,种子词拓展,400,28
all in one seo keywords,种子词拓展,400,6
webris technical seo audit,种子词拓展,400,2
startup founder,种子词拓展,400,12
automated ai seo,种子词拓展,400,25
seo strategy for new website,种子词拓展,400,17
how to add seo keywords in website,种子词拓展,400,6
design seo,种子词拓展,400,22
google duplicate content seo,种子词拓展,400,10
search engine optimization secrets,种子词拓展,400,10
how do i add seo keywords to a website,种子词拓展,400,8
the best seo tools for beginner marketers,种子词拓展,400,11
seo title and description,种子词拓展,400,12
ecommerce seo audit services,种子词拓展,400,1
content optimization software,种子词拓展,400,18
ibm seo,种子词拓展,400,0
technical site audit guide seo,种子词拓展,400,2
how to optimize keywords for seo,种子词拓展,400,11
all in one seo woocommerce,种子词拓展,400,12
website design search engine optimization,种子词拓展,400,11
best saas seo agency,种子词拓展,400,2
improve google rankings,种子词拓展,400,30
do keywords matter in seo,种子词拓展,400,14
investing in seo,种子词拓展,400,2
seo new site,种子词拓展,400,3
saas search engine optimization company,种子词拓展,400,1
optimization engines,种子词拓展,400,14
seo content writing tool,种子词拓展,400,23
seo reporting system,种子词拓展,350,12
open seo,种子词拓展,350,16
entrapenuer,种子词拓展,350,0
best seo page,种子词拓展,350,3
seo web developer,种子词拓展,350,7
cheap seo reporting,种子词拓展,350,4
seo for content writing,种子词拓展,350,28
search engine optimization 101,种子词拓展,350,1
organic search engine optimization tips,种子词拓展,350,27
automation for seo,种子词拓展,350,8
automotive search engine optimization,种子词拓展,350,2
seo content websites,种子词拓展,350,12
web search engine positioning,种子词拓展,350,14
how to start a seo business,种子词拓展,350,1
how to write blogs for seo,种子词拓展,350,11
se ranking affiliate,种子词拓展,350,2
best all in one seo software,种子词拓展,350,20
1 seo,种子词拓展,350,5
seo for start ups,种子词拓展,350,6
how to develop seo strategy,种子词拓展,350,26
multi user seo software,种子词拓展,350,2
search engine friendliness,种子词拓展,350,3
improve search engine position,种子词拓展,350,24
popular seo tools,种子词拓展,350,24
best content for seo,种子词拓展,350,23
best seo software review,种子词拓展,350,28
moz seo software,种子词拓展,350,3
se ranking black friday,种子词拓展,350,0
keyword list for seo,种子词拓展,350,11
free white label seo report,种子词拓展,350,24
bingo seo,种子词拓展,350,0
how to get to the top of google,种子词拓展,350,29
seo oriented content,种子词拓展,350,24
seo best practices 2017,种子词拓展,350,12
cool seo,种子词拓展,350,22
seo action plan,种子词拓展,350,0
seo startups,种子词拓展,350,0
seo site title,种子词拓展,350,9
seo keyword writing,种子词拓展,350,13
seo problem,种子词拓展,350,16
seo for saas company,种子词拓展,350,6
moz et stat,种子词拓展,350,6
wordpress keywords plugin,种子词拓展,350,8
android seo,种子词拓展,350,2
seo software enterprise,种子词拓展,350,11
cheap search engine optimization report,种子词拓展,350,16
saas search engine optimization firm,种子词拓展,350,2
using keywords to search internet,种子词拓展,350,3
start seo business,种子词拓展,350,1
seo audit tool white label,种子词拓展,350,10
search engine optimization on google,种子词拓展,350,18
profile seo,种子词拓展,350,23
ahrefs substitute,种子词拓展,350,3
diy seo tips,种子词拓展,350,12
search engine optimization (seo) secrets,种子词拓展,350,0
seo for b2b saas,种子词拓展,350,2
seo secrets,种子词拓展,350,4
webdesign seo,种子词拓展,350,10
google seo packages,种子词拓展,350,1
enterprise rank tracker software,种子词拓展,350,4
comprehensive website audit,种子词拓展,350,28
low cost seo tools,种子词拓展,350,12
seo reporting tool for clients,种子词拓展,350,11
sco search engine optimization,种子词拓展,350,0
best seo strategy for new website,种子词拓展,350,28
drive traffic to your website,种子词拓展,350,12
business seo platform,种子词拓展,350,16
how can seo help my business,种子词拓展,350,28
seo diy guide,种子词拓展,350,24
do it yourself seo guide,种子词拓展,350,5
diy seo optimization,种子词拓展,350,24
seo technical audit services,种子词拓展,350,2
new google sites seo,种子词拓展,350,2
agency rank tracker software,种子词拓展,350,0
white paper seo,种子词拓展,350,0
rank tracking tool for enterprise,种子词拓展,350,5
seo platform comparison,种子词拓展,350,4
start an seo business,种子词拓展,350,0
search engine optimization in google analytics,种子词拓展,350,4
examples of search engine optimization,种子词拓展,350,14
google webmaster seo,种子词拓展,350,17
how to do a technical site audit,种子词拓展,350,10
parameter seo,种子词拓展,300,19
web analysis tool,种子词拓展,300,15
international seo tracking,种子词拓展,300,20
seo software tools list,种子词拓展,300,29
how to develop keywords for seo,种子词拓展,300,8
google guidelines for seo,种子词拓展,300,18
web marketing search engine placement,种子词拓展,300,7
saas seo firms,种子词拓展,300,2
standard search engine visibility,种子词拓展,300,12
www moz,种子词拓展,300,15
can i do my own seo,种子词拓展,300,6
website with seo,种子词拓展,300,13
how to add keywords to a website,种子词拓展,300,9
small business seo software,种子词拓展,300,4
seo marketing automation,种子词拓展,300,5
best seo tools for ecommerce,种子词拓展,300,0
what is website audit,种子词拓展,300,4
seo for small business websites,种子词拓展,300,18
seo platform demo,种子词拓展,300,3
agency seo platform,种子词拓展,300,14
search engine optomization,种子词拓展,300,0
seo report metrics,种子词拓展,300,13
simple seo tools,种子词拓展,300,13
what is seo friendly,种子词拓展,300,0
seo marketing saas,种子词拓展,300,6
get search engine hits,种子词拓展,300,4
seo audit service company,种子词拓展,300,10
listing seo,种子词拓展,300,18
seo titles and descriptions,种子词拓展,300,25
complete seo service,种子词拓展,300,19
all in one seo tools,种子词拓展,300,6
how to develop seo keywords,种子词拓展,300,11
ahrefs audit part of website,种子词拓展,300,20
seo sem google analytics,种子词拓展,300,10
seo company ranking,种子词拓展,300,10
seo editing,种子词拓展,300,4
does google use keywords for seo,种子词拓展,300,5
enterprise website seo audit report,种子词拓展,300,0
add seo to html,种子词拓展,300,13
how to get traffic to my website,种子词拓展,300,16
enterprise level seo tools,种子词拓展,300,7
how to conduct a website audit,种子词拓展,300,3
scalable seo software,种子词拓展,300,23
improving search engine placement,种子词拓展,300,12
website auditing services,种子词拓展,300,9
start up seo,种子词拓展,300,4
search engine optimization placement,种子词拓展,300,22
compare seo tools,种子词拓展,300,24
seo workflow management,种子词拓展,300,4
google my business seo services,种子词拓展,300,4
best content optimization tools,种子词拓展,300,6
seo strategy for saas,种子词拓展,300,4
seo ready website,种子词拓展,300,4
search saas,种子词拓展,300,1
how to create seo for website,种子词拓展,300,14
google sites keywords,种子词拓展,300,1
technical seo for saas,种子词拓展,300,1
mobile app seo tools,种子词拓展,300,7
strategic site audit,种子词拓展,300,6
content creation automation,种子词拓展,300,5
must have seo tools,种子词拓展,300,25
steps to improve seo,种子词拓展,300,30
skills required for seo,种子词拓展,300,9
search engine optimization search engine placement,种子词拓展,300,14
pre seo ranking report,种子词拓展,300,7
diy seo course,种子词拓展,300,21
google posts seo,种子词拓展,300,0
search engine optimization do it yourself,种子词拓展,300,6
seo friendly text,种子词拓展,300,1
seo cloud platform,种子词拓展,300,0
how do i improve my seo,种子词拓展,300,30
seo first position,种子词拓展,300,0
how to use keywords in seo,种子词拓展,300,13
seo for products,种子词拓展,300,12
seo designer,种子词拓展,300,25
how can seo increase web traffic,种子词拓展,300,15
which factors are involved in search engine optimization,种子词拓展,300,15
meta tags seo best practices,种子词拓展,300,24
saas seo strategies,种子词拓展,300,7
search engine optimisation financial marketing,种子词拓展,300,8
seo that works,种子词拓展,300,0
keyword strategy seo,种子词拓展,300,22
seo tools for b2b,种子词拓展,300,1
search engine optimization terms,种子词拓展,300,7
google seo qualified professional,种子词拓展,300,8
local seo for wordpress plugin,种子词拓展,300,1
where to put seo keywords,种子词拓展,300,23
seo and website development,种子词拓展,300,6
how to pick keywords for seo texts,种子词拓展,300,8
moz create account,种子词拓展,300,26
target seo,种子词拓展,300,12
seo audit guide,种子词拓展,300,29
seo at scale,种子词拓展,300,3
seranking what is moz ranking,种子词拓展,300,29
veterinary search engine optimization,种子词拓展,300,2
how to get my website on the first page of google,种子词拓展,300,8
auto seo service,种子词拓展,300,25
se ranking lifetime deal,种子词拓展,250,25
how to do a site audit,种子词拓展,250,9
seo optimized websites,种子词拓展,250,21
grocery delivery service search engine optimization,种子词拓展,250,0
search engine optimization google adwords,种子词拓展,250,6
moz integration,种子词拓展,250,2
start an seo company,种子词拓展,250,0
agency rank trackers,种子词拓展,250,2
seo for html website,种子词拓展,250,6
seo marketing for saas companies,种子词拓展,250,0
seo for saas startups,种子词拓展,250,3
do it yourself search engine optimization,种子词拓展,250,5
best b2b seo companies,种子词拓展,250,3
page 1 of google,种子词拓展,250,25
moz seo platform,种子词拓展,250,7
seo in writing,种子词拓展,250,13
search engine optimization guaranteed,种子词拓展,250,2
all in one seo for wordpress,种子词拓展,250,2
seo saas tools,种子词拓展,250,1
moz pro logo,种子词拓展,250,4
seo web solution,种子词拓展,250,11
seo tools for bloggers,种子词拓展,250,24
best automated seo software,种子词拓展,250,28
enterprise seo and marketing platform,种子词拓展,250,16
webceo alternatives,种子词拓展,250,0
writing for search engine optimization,种子词拓展,250,10
automated content generation,种子词拓展,250,2
e commerce seo strategy,种子词拓展,250,30
examples of seo in digital marketing,种子词拓展,250,26
rank software,种子词拓展,250,1
1st page of google,种子词拓展,250,30
how to get on search engines,种子词拓展,250,5
enterprise seo workflows automation,种子词拓展,250,6
seo audit wordpress,种子词拓展,250,17
google search essentials,种子词拓展,250,7
seo report summary,种子词拓展,250,4
do seo yourself,种子词拓展,250,3
how to do search engine optimization yourself,种子词拓展,250,12
seo requirements for new website,种子词拓展,250,6
factors related to search engine optimization seo,种子词拓展,250,14
what is page optimization,种子词拓展,250,28
in site seo,种子词拓展,250,10
search engine marketing reporting software,种子词拓展,250,8
seo ab testing software,种子词拓展,250,11
enterprise seo software tools,种子词拓展,250,28
diy seo courses,种子词拓展,250,22
web design and search engine optimization,种子词拓展,250,6
brand seo reports,种子词拓展,250,9
seo service google,种子词拓展,250,12
search engine optimisation report,种子词拓展,250,19
steps of seo,种子词拓展,250,9
internet marketing search engine placement,种子词拓展,250,8
search engine optimization on wordpress,种子词拓展,250,28
search engine positioning improvement,种子词拓展,250,13
search engine optimisation package,种子词拓展,250,7
seo software analytics,种子词拓展,250,29
seo tools for blogger,种子词拓展,250,11
best search engine optimization reporting,种子词拓展,250,11
example of search engine optimization,种子词拓展,250,14
best seo company for b2b,种子词拓展,250,3
moz email marketing,种子词拓展,250,12
seo saas software,种子词拓展,250,2
how to start a seo consulting business,种子词拓展,250,1
search engine optimization campaign,种子词拓展,250,24
how to audit your website,种子词拓展,250,10
seo optimization for small business,种子词拓展,250,27
how to be on top of google search,种子词拓展,250,8
seo strategies for saas,种子词拓展,250,4
google page 1,种子词拓展,250,26
saas seo marketing company,种子词拓展,250,2
search engine optimization auditing report,种子词拓展,250,24
free white label seo audit tool,种子词拓展,250,18
how to drive traffic to my website,种子词拓展,250,12
importance of video with seo moz,种子词拓展,250,18
automated content marketing,种子词拓展,250,2
free alternatives to semrush,种子词拓展,250,3
ai generated seo,种子词拓展,250,14
moz create an account,种子词拓展,250,28
seo software price,种子词拓展,250,26
seo terms for beginners,种子词拓展,250,13
how to add keywords to website for seo,种子词拓展,250,3
seo digital marketing tools,种子词拓展,250,30
seo best practices 2021,种子词拓展,250,0
best seo tools 2021,种子词拓展,250,2
seo do it yourself guide,种子词拓展,250,7
seo for startup,种子词拓展,250,8
how to start an seo company,种子词拓展,250,2
list of seo keywords,种子词拓展,250,9
google 1st page,种子词拓展,250,26
seo and marketing automation,种子词拓展,250,4
local seo audit tools,种子词拓展,250,4
seo and online content marketing,种子词拓展,250,7
top 5 free seo tools,种子词拓展,250,17
learn search engine marketing,种子词拓展,250,29
how to decide on keywords for seo,种子词拓展,250,30
do it yourself seo tools,种子词拓展,250,4
seo audit service seo audit company,种子词拓展,250,12
seo basics for small business,种子词拓展,250,15
seo dental,种子词拓展,250,8
best website seo software,种子词拓展,250,25
get to top of google search,种子词拓展,250,4
top of google,种子词拓展,250,29
search engine optimization articles,种子词拓展,250,0
free seo report pdf,种子词拓展,250,30
seo tools for content writing,种子词拓展,250,29
how to do your own search engine optimization,种子词拓展,250,7
best seo plan,种子词拓展,200,15
analytics search engine optimization queries,种子词拓展,200,8
automatic content creation,种子词拓展,200,2
getting search engine hits,种子词拓展,200,2
guide seo saas,种子词拓展,200,1
best daily rank checker,种子词拓展,200,6
moz benefits,种子词拓展,200,8
search engine optimization directory,种子词拓展,200,0
automate content,种子词拓展,200,9
cheap search engine optimization reporting,种子词拓展,200,13
good seo software,种子词拓展,200,24
seo guide for small business,种子词拓展,200,13
google seo guideline,种子词拓展,200,13
saas seo consulting agencies,种子词拓展,200,1
best search engine optimization report,种子词拓展,200,12
best blogging tools,种子词拓展,200,1
free search engine optimizers,种子词拓展,200,28
best free seo tools for bloggers,种子词拓展,200,26
how to get your website at the top of google,种子词拓展,200,7
how to learn search engine marketing,种子词拓展,200,14
seo com,种子词拓展,200,4
teach yourself seo,种子词拓展,200,10
how to do my own seo,种子词拓展,200,10
moz pro campaign,种子词拓展,200,11
seo site design,种子词拓展,200,6
search engine optimization agency for saas,种子词拓展,200,2
keywords for website optimization google,种子词拓展,200,9
content optimizer tool,种子词拓展,200,27
about me seo,种子词拓展,200,2
seo tutorial pdf,种子词拓展,200,5
moz to google docs,种子词拓展,200,2
basic seo audit,种子词拓展,200,25
what is a technical seo audit,种子词拓展,200,1
tools ranking,种子词拓展,200,1
brand management with moz pro,种子词拓展,200,9
small business search engine optimization tools,种子词拓展,200,12
ranking reports seo,种子词拓展,200,3
best b2b seo,种子词拓展,200,1
improve search results,种子词拓展,200,4
advertising your site,种子词拓展,200,8
best way to promote website,种子词拓展,200,2
seo keywords for digital marketing,种子词拓展,200,3
se ranking website audit,种子词拓展,200,7
seo work flow,种子词拓展,200,14
start a seo company,种子词拓展,200,1
ultimate guide to seo,种子词拓展,200,5
seo tagging best practices,种子词拓展,200,2
basic seo principles,种子词拓展,200,6
how to perform a technical seo audit,种子词拓展,200,3
engineering seo,种子词拓展,200,15
seo managment,种子词拓展,200,0
search engine keywords examples,种子词拓展,200,12
how to optimize your website for search engines,种子词拓展,200,22
what is technical seo audit,种子词拓展,200,3
how to do an seo analysis,种子词拓展,200,21
optimize search,种子词拓展,200,23
cheap search engine optimization app,种子词拓展,200,12
best seo suite,种子词拓展,200,30
best platform for seo for b2b,种子词拓展,200,1
is seo free,种子词拓展,200,24
what is the primary goal of a search engine,种子词拓展,200,0
seo landing page optimization,种子词拓展,200,26
how to be a seo,种子词拓展,200,12
seo elite software,种子词拓展,200,0
best ways to get traffic to your website,种子词拓展,200,14
content auditing software,种子词拓展,200,24
how to improve google rank,种子词拓展,200,16
seo do it yourself,种子词拓展,200,16
some search engine optimization tasks,种子词拓展,200,5
website optimization examples,种子词拓展,200,15
upcity seo reports,种子词拓展,200,0
seo software free download full version with crack,种子词拓展,200,24
seo logic,种子词拓展,200,22
technical seo audit consultant,种子词拓展,200,0
seo tools australia,种子词拓展,200,2
best all in one seo tool,种子词拓展,200,16
seo score api,种子词拓展,200,26
seo how to choose keywords,种子词拓展,200,23
seo strategies to increase traffic,种子词拓展,200,13
seo made simple,种子词拓展,200,0
search engine optimiztation,种子词拓展,200,0
seo management and analytics,种子词拓展,200,17
what does an seo strategy look like,种子词拓展,200,9
how to start seo agency,种子词拓展,200,1
best ai seo content generator software,种子词拓展,200,26
seo for a startup company,种子词拓展,200,6
affordable seo audit services,种子词拓展,200,4
moz marketing software,种子词拓展,200,1
how to search engine optimize a website,种子词拓展,200,22
all in one seo pack free,种子词拓展,200,2
google local search optimization,种子词拓展,200,13
what is an seo article,种子词拓展,200,17
how to improve seo for saas companies,种子词拓展,200,2
search engine tips,种子词拓展,200,12
seo automation software free,种子词拓展,200,20
seo url best practices google,种子词拓展,200,1
website design optimization,种子词拓展,200,14
search engine optimization html,种子词拓展,200,17
how do i get my website found on google,种子词拓展,200,5
small business search engine optimisation tools,种子词拓展,200,12
seo audit experts,种子词拓展,200,1
seo optimized content writing,种子词拓展,200,25
how to write an seo article,种子词拓展,200,26
search engine friendly website,种子词拓展,200,2
how to select the right keywords for seo,种子词拓展,200,28
best seo automation software,种子词拓展,200,26
project report on search engine optimization,种子词拓展,200,1
seo troubleshooting,种子词拓展,200,28
seo software agencies,种子词拓展,200,14
search engine optimisation site audit,种子词拓展,200,13
how to get your website on search engines,种子词拓展,200,3
best seo software for mac,种子词拓展,200,1
moz pro features,种子词拓展,200,24
best seo practices 2020,种子词拓展,200,11
seo alert tracking tools,种子词拓展,200,2
google new seo rules,种子词拓展,200,5
can seo be automated,种子词拓展,200,11
local seo audit free,种子词拓展,200,22
first page on google,种子词拓展,200,16
seo team roles,种子词拓展,200,2
free seo report template,种子词拓展,200,11
moz pro subscription,种子词拓展,200,8
how to learn seo content writing,种子词拓展,200,28
what is moz tool,种子词拓展,200,3
seo best practices 2018,种子词拓展,200,1
doing seo myself,种子词拓展,200,5
best practices for seo content writing,种子词拓展,200,18
how to make search engine optimization work for your website,种子词拓展,200,20
se ranking features,种子词拓展,200,19
keywords for search engine optimisation,种子词拓展,200,9
google search visibility,种子词拓展,200,21
seo in html,种子词拓展,200,19
what makes a website search engine friendly,种子词拓展,200,13
moz for ppc,种子词拓展,200,12
seo agencies for saas,种子词拓展,200,2
moz pro medium,种子词拓展,200,25
seo search queries,种子词拓展,200,6
boost search engine rankings,种子词拓展,200,19
seo tools for social media,种子词拓展,200,29
content for seo company webpages,种子词拓展,200,17
rank your website higher on google,种子词拓展,200,11
best seo app,种子词拓展,200,25
seo audit proposal,种子词拓展,200,5
page seo meaning,种子词拓展,200,28
search engine marketing tutorial,种子词拓展,200,30
saas seo tool,种子词拓展,200,1
coding for seo,种子词拓展,200,0
on page content strategy to increase search engine rankings,种子词拓展,200,16
how to create an seo report,种子词拓展,200,30
search engines visibility,种子词拓展,200,5
content marketing seo tips,种子词拓展,200,30
seo testing approach,种子词拓展,200,14
seo platform reviews,种子词拓展,200,20
blog content creation services,种子词拓展,200,6
best seo competition tool,种子词拓展,200,30
search bar optimization,种子词拓展,200,2
why choose moz,种子词拓展,200,21
large business search engine optimization tools,种子词拓展,200,27
increase search ranking,种子词拓展,200,28
siteimprove seo,种子词拓展,200,3
web seo design,种子词拓展,200,5
seo optimized website design,种子词拓展,200,8
seo and content creation,种子词拓展,200,16
seo tools dashboard,种子词拓展,200,4
your seo strategy,种子词拓展,200,10
compare website seo,种子词拓展,200,12
search engine optimization positioning,种子词拓展,200,14
google seo book,种子词拓展,200,6
how to do a technical seo audit,种子词拓展,200,24
seo content marketing tool,种子词拓展,200,12
agency search engine optimisation tools,种子词拓展,200,22
seo content for saas,种子词拓展,200,6
search engine optimization metrics,种子词拓展,200,21
learn about moz pro,种子词拓展,200,26
search engine optimization and positioning,种子词拓展,200,14
best seo tool for b2b,种子词拓展,200,3
optimizing your website for search engines,种子词拓展,200,20
moz pro campaigns,种子词拓展,200,16
local seo audit report,种子词拓展,200,6
how to write a blog article for seo,种子词拓展,200,29
automated seo reporting tool,种子词拓展,200,17
saas product marketing plan,种子词拓展,200,0
developing an seo strategy,种子词拓展,200,26
homepage optimization,种子词拓展,200,15
scalable seo platform,种子词拓展,200,5
site search best practices,种子词拓展,200,9
content automation tools,种子词拓展,200,12
ecommerce site audit,种子词拓展,200,2
saas seo marketing,种子词拓展,200,17
website search engine positioning,种子词拓展,200,13
seo tests to run,种子词拓展,200,13
can i do seo on my own,种子词拓展,200,4
you find seo,种子词拓展,200,6
search content marketing,种子词拓展,200,16
seo promotions,种子词拓展,200,3
local search engine optimization tips,种子词拓展,200,19
how to improve search engine rankings,种子词拓展,200,28
top ten seo tools,种子词拓展,200,30
adding keywords to website,种子词拓展,200,1
seo consultant for saas,种子词拓展,200,0
social signals google,种子词拓展,200,21
what is the best automated seo reports tool,种子词拓展,200,18
